meas_image_name,meas_prawn_id,meas_meas_1,meas_meas_2,meas_meas_3,meas_avg,meas_std,meas_dev_pct,meas_flag,meas_base_image_name,meas_camera_frame,meas_scale_factor,meas_scaled_meas_1,meas_scaled_meas_2,meas_scaled_meas_3,meas_scaled_avg,meas_measurement_type,meas_center_x,meas_center_y,length_Label,length_PrawnID,length_Avg_Length,length_Std_Length,length_Uncertainty,length_Length_1,length_Length_2,length_Length_3,length_Angle_1,length_Angle_2,length_Angle_3,length_Scale_1,length_Scale_2,length_Scale_3,length_Global_Uncertainty,length_Length_ground_truth_annotation(mm),length_Length_ground_truth_annotation_pixels,length_pred_Distance_pixels,length_combined_scale,length_combined_scale_ground,length_id,length_Length_fov(mm),length_Height(mm),length_focal_RealLength(cm),length_Length_1_pixels,length_Length_2_pixels,length_Length_3_pixels,length_Pond_Type,length_Euclidean_Distance,length_MPError_fov_min,length_MPError_fov_max,length_MPError_fov_median,length_AbsError_fov_min,length_AbsError_fov_max,length_AbsError_fov_median,length_AbsError_focal_min,length_AbsError_focal_max,length_AbsError_focal_median,length_MPError_focal_min,length_MPError_focal_max,length_MPError_focal_median,length_Error_distance_mm_ground_min,length_Error_distance_mm_ground_max,length_Error_distance_mm_ground_median,length_Error_percentage_distance_mm_ground_min,length_Error_percentage_distance_mm_ground_max,length_Error_percentage_distance_mm_ground_median,length_pose_eval_iou,length_camera_frame,match_type
undistorted_GX010067_33_625.jpg_gamma_obj3_cropped0.0593677_0.723095,1.jpg,571.5916,571.5453,576.0295,571.5685,0.8,OK,,undistorted_GX010067_33_625.jpg_gamma,undistorted_GX010067_33_625,0.18432500184325,105.35862272358622,105.35008847600088,106.17663864926638,105.35436481604364,total,0.0593677,0.723095,full body:undistorted_GX010067_33_625.jpg_gamma,Prawn_3,89.831,6.375611238670902,3.680960864895049,91.177,81.437,96.879,5.625,3.18,3.468,58.189,61.984,54.601,1.230960202536279,97.03797467389488,514.9316657389987,491.6732916785696,0.1883902251784392,0.1884482565946529,67ee457267583908e8ad2e82,92.62644213355016,650.0,92.6757612924843,530.5498453,504.7791008,528.9690279,right,491.6732916785696,13.73999795369446,4.389555906285003,1.589701496594732,11.18944213355016,4.252557866449848,1.449442133550178,11.2387612924843,4.203238707515709,1.498761292484318,13.80055907325208,4.338647908747725,1.643793163280562,15.60097467389488,0.1589746738948747,5.860974673894901,19.15710877598006,0.1640961136003414,6.428128446751816,0.9677671464025963,undistorted_GX010067_33_625,spatial_match
undistorted_GX010067_33_625.jpg_gamma_obj2_cropped0.730074_0.668993,1.jpg,623.2439,612.2777,619.7322,617.7608,0.3,OK,,undistorted_GX010067_33_625.jpg_gamma,undistorted_GX010067_33_625,0.1886045151920937,117.54661360592974,115.4783387714302,116.88429112992966,116.51247618867995,total,0.730074,0.668993,full body:undistorted_GX010067_33_625.jpg_gamma,Prawn_1,93.004,5.378577197239685,3.105322992683515,88.142,90.369,100.501,131.522,133.843,135.591,58.189,61.984,54.601,1.230960202536279,99.00656596400641,531.465366737147,551.0397602452871,0.1864144745214689,0.186289779467367,67ee457267583908e8ad2e80,102.7217873465614,650.0,103.8657786531663,512.8894838,560.1432096000001,548.7455101,right,551.0397602452871,16.54124860629597,2.209716666064398,13.66927524545075,14.57978734656139,2.22078734656138,12.35278734656139,15.72377865316633,3.364778653166326,13.49677865316633,17.83914439559612,3.348005147377962,14.93518646124924,10.86456596400642,1.494434035993592,8.637565964006413,12.32620766944977,1.48698424492651,9.55810727573218,0.996506201116221,undistorted_GX010067_33_625,spatial_match
undistorted_GX010067_33_625.jpg_gamma_obj1_cropped0.272177_0.696292,1.jpg,885.7991,887.5275,895.0441,886.6633,0.9,OK,,undistorted_GX010067_33_625.jpg_gamma,undistorted_GX010067_33_625,0.1886045151920937,167.06570981309292,167.39169385715095,168.80935855604383,167.22870183512194,total,0.272177,0.696292,full body:undistorted_GX010067_33_625.jpg_gamma,Prawn_2,147.809,8.098737802892495,4.675808450596181,146.928,138.36,158.139,-164.533,-165.964,-165.513,58.189,61.984,54.601,1.230960202536279,161.7609650902319,859.4328287651691,804.1152576234539,0.1881594929004144,0.1882182756768201,67ee457267583908e8ad2e7e,151.3019191079152,650.0,151.5681142913785,854.9593392,857.6106240000001,863.4547539000001,right,804.1152576234539,9.353801032028887,4.323462834648523,2.976913255414343,12.94191910791517,6.837080892084828,4.373919107915185,13.20811429137851,6.570885708621489,4.640114291378524,9.546194197295826,4.155132958107417,3.158087152468232,23.40096509023189,3.621965090231896,14.83296509023191,16.91309994957494,2.290368024479664,10.09539712664156,0.998556339161377,undistorted_GX010067_33_625,spatial_match
undistorted_GX010068_26_666.jpg_gamma_obj2_cropped0.644743_0.8728269999999999,1.jpg,756.1911,764.0157,760.6083,760.1034,0.1,OK,,undistorted_GX010068_26_666.jpg_gamma,undistorted_GX010068_26_666,0.1906759462293831,144.18745352273808,145.67941653160452,145.02970731242252,144.9334350271713,total,0.644743,0.8728269999999999,full body:undistorted_GX010068_26_666.jpg_gamma,Prawn_2,123.1726666666667,3.386593207864737,1.955250500196464,124.833,126.233,118.452,15.224,16.22,17.241,52.469,54.452,61.522,1.230960202536279,136.1015705663287,723.4977819186519,713.9323577608568,0.1881418275253463,0.1881160854500471,67ee457467583908e8ad315c,134.320538518607,650.0,134.5694913403602,654.9862677,687.3639316,728.7403944,right,713.9323577608568,13.39659821582325,6.406833806220995,7.600184661593428,15.86853851860695,8.087538518606948,9.487538518606925,16.11749134036017,8.336491340360169,9.736491340360146,13.60677011815771,6.604050716025261,7.799613355731372,17.64957056632869,9.868570566328685,11.26857056632866,14.90018789579635,7.817742243572351,9.026916413391218,0.9983868944133699,undistorted_GX010068_26_666,spatial_match
undistorted_GX010068_26_666.jpg_gamma_obj1_cropped0.540877_0.669256,1.jpg,697.6855,699.4119,705.5105,698.5487,1.0,OK,,undistorted_GX010068_26_666.jpg_gamma,undistorted_GX010068_26_666,0.1906759462293831,133.0318428830203,133.3610258365907,134.5238821622652,133.1964343598055,total,0.540877,0.669256,full body:undistorted_GX010068_26_666.jpg_gamma,Prawn_1,115.2496666666667,5.835320061678036,3.369023608417438,115.609,122.21,107.93,117.917,116.411,118.418,52.469,54.452,61.522,1.230960202536279,130.6898153075673,704.9798116559157,699.8220412950885,0.1854659489484765,0.1853809331086973,67ee457467583908e8ad315a,129.7931589838535,650.0,131.9098302550925,606.5888621,665.4578919999999,664.0069460000001,right,699.8220412950885,20.25679513004121,6.20502330730177,12.2690785179817,21.86315898385348,7.583158983853494,14.18415898385346,23.97983025509251,9.699830255092522,16.30083025509249,22.21794705373159,7.937018456012209,14.09996648625322,22.75981530756729,8.479815307567307,15.08081530756728,21.08757093261122,6.938724578649298,13.04467239364347,0.9965809163754882,undistorted_GX010068_26_666,spatial_match
undistorted_GX010068_27_795.jpg_gamma_obj1_cropped0.552035_0.17379999999999998,1.jpg,768.4068,773.2095,789.6487,770.8082,2.4,OK,,undistorted_GX010068_27_795.jpg_gamma,undistorted_GX010068_27_795,0.1935134298320303,148.69703537425497,149.62642232370928,152.80762829940397,149.16173852465363,total,0.552035,0.17379999999999998,full body:undistorted_GX010068_27_795.jpg_gamma,Prawn_0,137.5886666666667,6.052791385431646,3.494580735727609,129.706,144.42,138.64,92.793,93.691,94.375,50.636,51.624,52.953,1.230960202536279,140.0648552272944,758.4084509648346,781.5677065466567,0.1846801024850292,0.1846826140308778,67ee457467583908e8ad32a8,144.3400041440258,650.0,147.3181143489585,656.7793015999999,745.5538079999999,734.140392,right,781.5677065466567,11.28244194102495,0.05539112032556111,4.111370559741673,14.63400414402582,0.07999585597417536,5.700004144025854,17.61211434895856,2.898114348958558,8.678114348958587,13.57848854251812,2.006726456833235,6.259459282284038,10.35885522729444,4.355144772705557,1.424855227294472,7.986411752189138,3.015610561352692,1.027737469196821,0.9719710462148372,undistorted_GX010068_27_795,spatial_match
undistorted_GX010069_19_191.jpg_gamma_obj1_cropped0.165613_0.393015,1.jpg,620.0556,627.8551,636.4629,623.9554,2.0,OK,,undistorted_GX010069_19_191.jpg_gamma,undistorted_GX010069_19_191,0.1793593284786741,111.2127560354414,112.61166911791082,114.15555834558955,111.91222154464256,total,0.165613,0.393015,full body:undistorted_GX010069_19_191.jpg_gamma,Prawn_0,102.9623333333333,5.072948014276862,2.928867901627724,105.422,107.569,95.896,151.882,151.821,151.113,56.356,59.059,62.169,1.230960202536279,108.7610278024817,580.2341849087918,674.9011121422704,0.1875569811753065,0.1874433300057599,67ee457367583908e8ad300f,126.5824151852613,650.0,127.2124710117856,594.1162231999999,635.2917571,596.1758424,right,674.9011121422704,31.99968214029913,17.67555260833628,20.07210561861972,30.68641518526125,19.01341518526125,21.16041518526127,31.31647101178558,19.64347101178558,21.7904710117856,32.6567020645132,18.26127509950411,20.66975679818786,12.86502780248175,1.192027802481746,3.339027802481766,13.41560419880052,1.108151793250608,3.167296961243162,0.9943429904653006,undistorted_GX010069_19_191,spatial_match
undistorted_GX010069_19_191.jpg_gamma_obj2_cropped0.680402_0.8831689999999999,1.jpg,728.1566,735.2911,735.3707,731.7238,0.5,OK,,undistorted_GX010069_19_191.jpg_gamma,undistorted_GX010069_19_191,0.1793593284786741,130.60167880331457,131.88131793234567,131.89559493489256,131.24148939986367,total,0.680402,0.8831689999999999,full body:undistorted_GX010069_19_191.jpg_gamma,Prawn_3,112.2163333333333,1.812010362982385,1.046164670842272,114.768,111.145,110.736,-5.323,-6.649,-6.506,56.356,59.059,62.169,1.230960202536279,123.5570847433709,655.6998929707786,627.0923885994426,0.1884349272929344,0.188435420026639,67ee457367583908e8ad3011,118.1661086516886,650.0,118.2009791822679,646.7865408,656.4112554999999,688.4346383999999,right,627.0923885994426,6.709749902189492,2.960850282037292,6.317071079840344,7.430108651688556,3.39810865168856,7.02110865168855,7.464979182267896,3.4329791822679,7.05597918226789,6.741239689231953,2.991233777941499,6.348444988319662,12.82108474337088,8.789084743370879,12.41208474337087,11.57806381246467,7.658131834109576,11.16747019062564,0.9878043117933895,undistorted_GX010069_19_191,spatial_match
undistorted_GX010071_22_444.jpg_gamma_obj1_cropped0.157858_0.757993,1.jpg,694.7841,690.0065,708.0177,692.3953,2.3,OK,,undistorted_GX010071_22_444.jpg_gamma,undistorted_GX010071_22_444,0.197024923652842,136.88978425770858,135.94847798246477,139.49713328736084,136.4191311200867,total,0.157858,0.757993,full body:undistorted_GX010071_22_444.jpg_gamma,Prawn_1,126.04,9.493577653691293,5.481119613931284,113.245,128.915,135.96,91.116,89.673,89.367,54.406,54.3,53.254,1.230960202536279,129.2778932278473,700.0178569150933,666.5355681959816,0.1847169810295573,0.1846779934979968,67ee457467583908e8ad31b4,123.1204379059823,650.0,125.6356451663115,616.120747,700.0084499999999,724.041384,right,666.5355681959816,8.720418478504413,9.443632019724683,4.494870336281786,9.875437905982324,12.83956209401768,5.794562094017664,12.39064516631154,10.32435483368846,3.279354833688444,10.94145010050028,7.593670810303369,2.543811684977268,16.03289322784727,6.682106772152736,0.3628932278472803,14.15770517713565,4.914759320500687,0.2814980629463447,0.8714923092127072,undistorted_GX010071_22_444,spatial_match
undistorted_GX010073_42_695.jpg_gamma_obj1_cropped0.233215_0.16234,1.jpg,498.9078,504.3858,498.0361,501.6468,0.7,OK,,undistorted_GX010073_42_695.jpg_gamma,undistorted_GX010073_42_695,0.1969201685636643,98.24500807372692,99.32373675711868,98.07335276278997,98.78437241542278,total,0.233215,0.16234,full body:undistorted_GX010073_42_695.jpg_gamma,Prawn_1,84.04366666666665,5.994811775378959,3.46110619225618,92.512,79.46,80.159,-56.997,-52.829,-55.211,50.01,57.489,57.723,1.230960202536279,89.46737395552918,481.7302765635766,488.9581867291323,0.1860939600623819,0.1857208863718195,67ee457267583908e8ad2efc,90.99216527334579,650.0,92.16398971075154,462.652512,456.807594,462.7017957,right,488.9581867291323,14.51317049250667,1.642851442682258,13.51459633147345,11.5321652733458,1.51983472665421,10.8331652733458,12.70398971075154,0.3480102892484638,12.00498971075154,15.98790550056827,0.3761785381879797,14.97647140152889,10.00737395552919,3.044626044470817,9.308373955529191,12.59422848669669,3.291060667233243,11.61238782361206,0.9888632791395804,undistorted_GX010073_42_695,spatial_match
undistorted_GX010073_42_695.jpg_gamma_obj2_cropped0.10033300000000002_0.0908068,1.jpg,521.0461,517.6534,525.1019,519.3497,1.1,OK,,undistorted_GX010073_42_695.jpg_gamma,undistorted_GX010073_42_695,0.1969201685636643,102.60448584143988,101.93639478555394,103.4031546611004,102.27043046748848,total,0.10033300000000002,0.0908068,full body:undistorted_GX010073_42_695.jpg_gamma,Prawn_0,79.95300000000002,2.423079995928048,1.398965887917056,79.988,82.903,76.968,-89.427,-87.114,-92.064,50.01,57.489,57.723,1.230960202536279,94.0245259135875,509.1271184451384,721.1792805519138,0.1866585727413012,0.1846778977335485,67ee457267583908e8ad2efe,134.6142951984186,650.0,135.9354676869626,400.019988,476.6010567,444.2823864,right,721.1792805519138,74.89644423451126,62.37566215748359,68.293112964968,57.64629519841863,51.71129519841863,54.62629519841862,58.96746768696256,53.03246768696256,55.94746768696255,76.61296602089513,63.96929868275281,69.94482633265308,17.05652591358749,11.12152591358749,14.03652591358748,22.16054193117593,13.4151067073417,17.54828963542966,0.5090332453270484,undistorted_GX010073_42_695,spatial_match
undistorted_GX010073_55_1014.jpg_gamma_obj2_cropped0.577343_0.508345,1.jpg,623.5543,641.2488,636.4542,632.4016,0.6,OK,,undistorted_GX010073_55_1014.jpg_gamma,undistorted_GX010073_55_1014,0.1737830839546078,108.36318926715674,111.43819404619154,110.6049736718628,109.90070034582835,total,0.577343,0.508345,full body:undistorted_GX010073_55_1014.jpg_gamma,Prawn_1,108.8563333333333,2.952291915708127,1.704506532260443,112.917,107.667,105.985,3.814,1.909,4.167,53.254,55.758,57.14,1.230960202536279,115.0065634375614,610.2663394354464,614.6577635093324,0.1884209897907741,0.1884530671377898,67ee457167583908e8ad2e30,115.814424183012,650.0,115.8571700591847,601.3281918,600.3296586,605.59829,right,614.6577635093324,9.274354090684485,2.565976941480866,7.567243615046346,9.829424183011952,2.89742418301195,8.14742418301195,9.872170059184668,2.940170059184666,8.190170059184666,9.314686096319921,2.603832956228616,7.606945544302958,9.021563437561426,2.089563437561424,7.339563437561424,8.512113447715643,1.850530422842817,6.816910880363921,0.9787007486915553,undistorted_GX010073_55_1014,spatial_match
undistorted_GX010073_55_1014.jpg_gamma_obj1_cropped0.589214_0.213622,1.jpg,669.0269,657.1096,651.0069,663.0682,1.8,OK,,undistorted_GX010073_55_1014.jpg_gamma,undistorted_GX010073_55_1014,0.1737830839546078,116.26555793059104,114.1945327841788,113.133986757729,115.23003666823072,total,0.589214,0.213622,full body:undistorted_GX010073_55_1014.jpg_gamma,Prawn_0,113.727,2.684724566878326,1.550026451387203,117.174,113.382,110.625,-90.0,-88.55,-88.912,53.254,55.758,57.14,1.230960202536279,117.8275563172551,638.0169,655.0486809560687,0.1846888758064304,0.1846777982170302,67ee457167583908e8ad2e2c,120.9802044842614,650.0,123.4704756566856,623.9984196,632.1953556000001,632.11125,right,655.0486809560687,9.360636821931227,3.248335368137482,6.701420405585883,10.35520448426142,3.806204484261414,7.598204484261387,12.84547565668562,6.296475656685615,10.08847565668559,11.61172940717344,5.373611600428093,8.89777535824521,7.202556317255116,0.6535563172551093,4.445556317255082,6.510785371530048,0.5577656453267016,3.92086602569639,0.9783163525446708,undistorted_GX010073_55_1014,spatial_match
undistorted_GX010077_14_237.jpg_gamma_obj1_cropped0.807605_0.751737,1.jpg,589.1706,602.0507,587.7287,595.6106,1.3,OK,,undistorted_GX010077_14_237.jpg_gamma,undistorted_GX010077_14_237,0.1703751661157869,100.38003884553788,102.5744880226258,100.13437489351551,101.47725491532354,total,0.807605,0.751737,full body:undistorted_GX010077_14_237.jpg_gamma,Prawn_2,104.4713333333333,9.078198401787775,5.241300291029003,99.614,96.608,117.192,-99.926,-102.002,-98.18,48.918,53.759,55.172,1.230960202536279,107.2709215640032,580.5061590391097,656.6099787137315,0.184866839195657,0.1847886019703301,67ee457367583908e8ad3040,121.3854113491351,650.0,123.7647655047302,487.2917652,519.3549472000001,646.5717023999999,right,656.6099787137315,25.64737014443435,3.578240280168567,21.85577463924263,24.77741134913514,4.193411349135147,21.77141134913515,27.15676550473016,6.572765504730171,24.15076550473017,28.11026571788067,5.608544529259823,24.24434869067619,10.66292156400318,9.921078435996805,7.656921564003198,11.03730701805563,8.465661850635543,7.68659180838356,0.9873014881078221,undistorted_GX010077_14_237,spatial_match
undistorted_GX010077_14_237.jpg_gamma_obj2_cropped0.369629_0.12261,1.jpg,498.3423,502.2211,507.5047,500.2817,1.4,OK,,undistorted_GX010077_14_237.jpg_gamma,undistorted_GX010077_14_237,0.1703751661157869,84.90515214502334,85.56600333935324,86.46619756704263,85.2355777421883,total,0.369629,0.12261,full body:undistorted_GX010077_14_237.jpg_gamma,Prawn_0,75.62400000000001,2.844911363587038,1.642510341587602,79.583,74.265,73.024,-61.46,-65.746,-60.89,48.918,53.759,55.172,1.230960202536279,70.81532770046964,381.9356640200285,475.9868599521351,0.1853493641972769,0.1854116658159373,67ee457367583908e8ad303e,88.2238618583865,650.0,89.7190174001187,389.3041194,399.2412135,402.8880128,right,475.9868599521351,20.81488532316293,10.85767294319955,18.79601677558269,15.1998618583865,8.6408618583865,13.95886185838648,16.6950174001187,10.1360174001187,15.45401740011869,22.86237045371207,12.73641028877864,20.80928755149624,2.208672299530363,8.76767229953036,3.449672299530377,3.024584108690791,11.01701657330128,4.645084898041307,0.9768484851537578,undistorted_GX010077_14_237,spatial_match
undistorted_GX010080_157_2283.jpg_gamma_obj2_cropped0.235209_0.123212,1.jpg,752.0007,767.4907,752.4307,759.7457,1.0,OK,,undistorted_GX010080_157_2283.jpg_gamma,undistorted_GX010080_157_2283,0.1741796140179753,130.98319166724727,133.6812338883857,131.058088901275,132.3322127778165,total,0.235209,0.123212,full body:undistorted_GX010080_157_2283.jpg_gamma,Prawn_0,106.3263333333333,1.989812944865808,1.148819039355276,105.483,104.423,109.073,52.684,52.876,51.438,68.184,69.181,67.067,1.230960202536279,129.4857491283032,696.507572109916,765.0252001723981,0.1860686140085039,0.1859071664304448,67ee457367583908e8ad2fdc,142.3471786776564,650.0,144.2000084890973,719.2252872,722.4087563,731.5198890999999,right,765.0252001723981,36.31784058843012,30.50633857843499,34.94798088569381,37.92417867765639,33.27417867765639,36.8641786776564,39.77700848909734,35.12700848909735,38.71700848909735,38.09219088620068,32.20504477652339,36.70450071489942,25.06274912830318,20.41274912830319,24.00274912830319,24.00117706664545,18.71475904055375,22.75508767128655,0.9979802926784669,undistorted_GX010080_157_2283,spatial_match
undistorted_GX010080_157_2283.jpg_gamma_obj1_cropped0.318029_0.7344440000000001,1.jpg,768.2044,762.5287,750.9361,765.3665,1.9,OK,,undistorted_GX010080_157_2283.jpg_gamma,undistorted_GX010080_157_2283,0.1741796140179753,133.80554587891032,132.8169546436285,130.79776005016373,133.31124155228872,total,0.318029,0.7344440000000001,full body:undistorted_GX010080_157_2283.jpg_gamma,Prawn_3,108.7296666666667,0.8946248127318804,0.5165118764544697,108.91,109.724,107.555,-115.185,-114.269,-114.575,68.184,69.181,67.067,1.230960202536279,134.2368079454547,724.6769122427523,687.1450601272937,0.1853537830587096,0.1852367664508787,67ee457367583908e8ad2fde,127.3649364046984,650.0,129.5203393055131,742.591944,759.0816044000001,721.3391184999999,right,687.1450601272937,18.41842443837885,16.07755496035359,16.94512570443336,19.80993640469838,17.64093640469838,18.45493640469837,21.96533930551308,19.79633930551309,20.61033930551308,20.42242508996614,18.04194096598108,18.92419365119188,26.68180794545466,24.51280794545467,25.32680794545466,24.80759420338865,22.34042501681917,23.25480483468429,0.9877701798252219,undistorted_GX010080_157_2283,spatial_match
undistorted_GX010080_193_2640.jpg_gamma_obj2_cropped0.610808_0.498642,1.jpg,662.6749,668.8617,656.4998,665.7683,1.4,OK,,undistorted_GX010080_193_2640.jpg_gamma,undistorted_GX010080_193_2640,0.1892828074425999,125.4329654937442,126.60402036683008,124.2641252295054,126.01849293028712,total,0.610808,0.498642,full body:undistorted_GX010080_193_2640.jpg_gamma,Prawn_3,107.973,4.731109595010455,2.731507398244908,106.109,103.34,114.47,149.995,149.642,149.792,61.814,62.801,59.034,1.230960202536279,126.774341741643,676.4820387602473,682.0591551184478,0.1872754575160152,0.1874023765272106,67ee457367583908e8ad309c,127.7329403277941,650.0,128.5616943546212,655.9021726,648.985534,675.762198,right,682.0591551184478,23.60454841087097,11.58638973337474,20.37898795370241,24.39294032779407,13.26294032779407,21.62394032779409,25.22169435462121,14.09169435462121,22.45269435462123,24.4065166969433,12.31038206920696,21.16002823004763,23.43434174164297,12.30434174164297,20.66534174164299,22.67693220596378,10.74896631575345,19.47557864238,0.9939268760549411,undistorted_GX010080_193_2640,spatial_match
undistorted_GX010080_193_2640.jpg_gamma_obj3_cropped0.970145_0.215488,1.jpg,706.9597,718.2674,712.2977,712.6135,0.0,OK,,undistorted_GX010080_193_2640.jpg_gamma,undistorted_GX010080_193_2640,0.1892828074425999,133.81531676477826,135.95566996649694,134.82570839090684,134.88548390149722,total,0.970145,0.215488,full body:undistorted_GX010080_193_2640.jpg_gamma,Prawn_2,114.6996666666667,4.06036175180926,2.344250950414337,111.425,112.252,120.422,-101.049,-99.142,-100.045,61.814,62.801,59.034,1.230960202536279,132.0614605788624,714.4964727270877,671.6648637382038,0.1847923573725425,0.184831508089621,67ee457367583908e8ad30a2,124.1185335344902,650.0,126.6024688220093,688.762495,704.9537852,710.8992347999999,right,671.6648637382038,11.39199778729211,3.069649677376417,10.57133372633917,12.69353353449023,3.696533534490229,11.86653353449024,15.17746882200926,6.18046882200926,14.35046882200928,13.62124193135227,5.132341949153195,12.78415424403064,20.63646057886238,11.63946057886238,19.8094605788624,18.52049412507282,9.665559929964942,17.64731192215943,0.9863396906234456,undistorted_GX010080_193_2640,spatial_match
undistorted_GX010080_193_2640.jpg_gamma_obj1_cropped0.641363_0.187963,1.jpg,695.0827,704.2478,697.4274,699.6653,0.3,OK,,undistorted_GX010080_193_2640.jpg_gamma,undistorted_GX010080_193_2640,0.1892828074425999,131.5672048607825,133.30200071927467,132.01101625939316,132.43461225416894,total,0.641363,0.187963,full body:undistorted_GX010080_193_2640.jpg_gamma,Prawn_1,115.4813333333333,3.009503428954497,1.737537614833981,116.487,111.397,118.56,-110.146,-109.367,-110.403,61.814,62.801,59.034,1.230960202536279,122.9698129500737,664.2490935564007,672.7854975885923,0.1851669867100669,0.1851260530770035,67ee457367583908e8ad309e,124.5776632907126,650.0,126.8136976948657,720.0527417999999,699.5842997000001,699.907104,right,672.7854975885923,11.83215283240358,5.075626932112533,6.945550396793287,13.18066329071262,6.017663290712619,8.090663290712598,15.41669769486568,8.253697694865679,10.32669769486566,13.83941910003472,6.961620862740957,8.865107432473716,11.57281295007367,4.409812950073672,6.482812950073651,10.38880126940014,3.71947785937388,5.56526732603093,0.997243316175523,undistorted_GX010080_193_2640,spatial_match
undistorted_GX010080_212_2954.jpg_gamma_obj1_cropped0.715335_0.24153,1.jpg,779.2644,768.909,777.2619,774.0867,0.4,OK,,undistorted_GX010080_212_2954.jpg_gamma,undistorted_GX010080_212_2954,0.1874414245548266,146.06642924086225,144.12539831302718,145.6910777881912,145.0959137769447,total,0.715335,0.24153,full body:undistorted_GX010080_212_2954.jpg_gamma,Prawn_1,128.1603333333333,2.796305459391411,1.614447709716051,131.398,124.575,128.508,62.745,60.668,61.39,56.502,58.009,58.502,1.230960202536279,137.3682552287281,740.2454214510549,759.0772313659344,0.1856573007072509,0.1855712325237406,67ee457267583908e8ad2ebe,140.9282298037327,650.0,143.0788726726672,742.4249796,722.6471175,751.7975016000001,right,759.0772313659344,13.12721637867368,7.252948906172649,9.664946776646374,16.35322980373273,9.530229803732738,12.42022980373272,18.50387267266716,11.68087267266716,14.57087267266715,14.85360037942377,8.889688330619313,11.33849462497833,12.79325522872806,5.970255228728064,8.86025522872805,10.26952055286218,4.543642390849224,6.894711013110506,0.9963985894968871,undistorted_GX010080_212_2954,spatial_match
undistorted_GX010080_237_3366.jpg_gamma_obj1_cropped0.786939_0.100473,1.jpg,580.8038,587.6164,579.1416,584.2101,0.9,OK,,undistorted_GX010080_237_3366.jpg_gamma,undistorted_GX010080_237_3366,0.1863307743906984,108.22162182306032,109.4910188566744,107.9119028098681,108.85632033986737,total,0.786939,0.100473,full body:undistorted_GX010080_237_3366.jpg_gamma,Prawn_2,95.67199999999998,4.201550269444206,2.425766179077357,89.755,98.16,99.101,-135.451,-133.264,-133.282,60.033,57.079,57.107,1.230960202536279,102.3575082595097,548.7467002603748,601.3336337009526,0.1864966757113263,0.1865296104941353,67ee457367583908e8ad305d,112.14672367864,650.0,113.3456977167766,538.8261915,560.287464,565.9360807,right,601.3336337009526,24.94760590344831,13.16406865585618,14.24890350309705,22.39172367864003,13.04572367864003,13.98672367864006,23.59069771677659,14.24469771677659,15.18569771677662,26.28343570472574,14.37391925084165,15.4703521972052,12.60250825950973,3.256508259509729,4.19750825950976,14.04100970364853,3.286049847640013,4.276190158424777,0.9948027706662144,undistorted_GX010080_237_3366,spatial_match
undistorted_GX010080_237_3366.jpg_gamma_obj4_cropped0.278897_0.164793,1.jpg,787.5532,772.8182,782.6238,780.1857,0.3,OK,,undistorted_GX010080_237_3366.jpg_gamma,undistorted_GX010080_237_3366,0.1863307743906984,146.74539762987257,143.99981366922563,145.82689871059105,145.3726056495491,total,0.278897,0.164793,full body:undistorted_GX010080_237_3366.jpg_gamma,Prawn_0,129.9393333333333,2.747245934062363,1.58612317956101,126.555,133.284,129.979,65.256,58.985,59.566,60.033,57.079,57.107,1.230960202536279,140.6677737793741,757.9101178773773,822.0823402968391,0.1857655446125433,0.1855995459901392,67ee457367583908e8ad3063,152.7145736615965,650.0,154.9547392985582,759.7476315000001,760.7717436,742.2710753,right,822.0823402968391,20.67051768922325,14.57832422616105,17.49172840350865,26.15957366159648,19.4305736615965,22.7355736615965,28.39973929855816,21.67073929855817,24.97573929855818,22.4406300016263,16.25907032994071,19.21521114838411,14.11277377937409,7.38377377937411,10.68877377937412,11.15149443275579,5.539880090163943,8.223462081854851,0.9977591438316403,undistorted_GX010080_237_3366,spatial_match
undistorted_GX010080_237_3366.jpg_gamma_obj3_cropped0.734297_0.565961,1.jpg,899.327,905.0006,911.1581,902.1638,1.0,OK,,undistorted_GX010080_237_3366.jpg_gamma,undistorted_GX010080_237_3366,0.1863307743906984,167.57229634046362,168.62946262204667,169.7767943653574,168.10087948125516,total,0.734297,0.565961,full body:undistorted_GX010080_237_3366.jpg_gamma,Prawn_4,148.1713333333333,5.862121875983887,3.384497643121692,139.958,153.254,151.302,24.918,26.331,26.091,60.033,57.079,57.107,1.230960202536279,157.8451580676162,840.6406663107607,834.0379453920626,0.1878998592845516,0.1877676924200397,67ee457367583908e8ad3065,156.7156125771451,650.0,157.2082576870178,840.2098614,874.7585065999999,864.0403313999999,right,834.0379453920626,11.97331526396855,2.258742073384776,3.578017856436163,16.7576125771451,3.461612577145104,5.413612577145045,17.25025768701784,3.954257687017844,5.906257687017785,12.32531022665216,2.580198681285868,3.90362168842301,17.88715806761616,4.591158067616163,6.543158067616105,12.78037558954555,2.995783514698581,4.324568127067787,0.9980276124554049,undistorted_GX010080_237_3366,spatial_match
undistorted_GX010080_237_3366.jpg_gamma_obj2_cropped0.536768_0.147128,1.jpg,858.5389,861.5916,855.4841,860.0652,0.5,OK,,undistorted_GX010080_237_3366.jpg_gamma,undistorted_GX010080_237_3366,0.1863307743906984,159.9722180815384,160.54103003652085,159.40301483192965,160.25661474249088,total,0.536768,0.147128,full body:undistorted_GX010080_237_3366.jpg_gamma,Prawn_1,132.354,5.361077690166401,3.095219647564069,124.775,135.968,136.319,40.452,35.984,37.694,60.033,57.079,57.107,1.230960202536279,154.7893645889468,828.0045532795153,816.3202737742993,0.1868340866680445,0.1869426490178895,67ee457367583908e8ad3061,152.5164527792293,650.0,153.868644302893,749.0617575,776.0917471999999,778.4769132999999,right,816.3202737742993,22.23318195089502,11.88202141977955,12.17084371265975,27.74145277922926,16.19745277922928,16.54845277922922,29.09364430289298,17.549644302893,17.90064430289294,23.31688583682066,12.87395322947865,13.16533618417049,30.01436458894682,18.47036458894684,18.82136458894678,24.05479029368609,13.54936919207655,13.84249572616114,0.9992579785509602,undistorted_GX010080_237_3366,spatial_match
undistorted_GX010080_238_3392.jpg_gamma_obj3_cropped0.267366_0.374916,1.jpg,734.4032,739.6999,737.0427,737.0515,0.0,OK,,undistorted_GX010080_238_3392.jpg_gamma,undistorted_GX010080_238_3392,0.1806717375200997,132.68590218432132,133.64286617644402,133.16278523550562,133.1643751467958,total,0.267366,0.374916,full body:undistorted_GX010080_238_3392.jpg_gamma,Prawn_0,121.3773333333333,6.697369848596461,3.86672828494965,121.858,112.945,129.329,62.771,60.803,62.021,57.035,62.073,56.036,1.230960202536279,135.6354014758762,731.078253091104,759.011275129876,0.1857224075721376,0.1855278841935049,67ee457467583908e8ad317d,140.9654013915187,650.0,143.0664405465132,695.0171029999999,701.0834984999999,724.7079844000001,right,759.011275129876,24.80889051442623,8.997519034028477,15.68005497506827,28.0204013915187,11.63640139151869,19.10740139151869,30.12144054651318,13.73744054651317,21.20844054651317,26.66912262296976,10.6220882760349,17.40422503775967,22.69040147587623,6.306401475876214,13.77740147587622,20.08977951735467,4.876246994777826,11.30611160192701,0.9978062619116079,undistorted_GX010080_238_3392,spatial_match
undistorted_GX010080_238_3392.jpg_gamma_obj1_cropped0.473451_0.308475,1.jpg,775.6043,758.6013,767.4073,767.1028,0.0,OK,,undistorted_GX010080_238_3392.jpg_gamma,undistorted_GX010080_238_3392,0.1806717375200997,140.1297765090607,137.05781495600644,138.64881027660843,138.59379573253358,total,0.473451,0.308475,full body:undistorted_GX010080_238_3392.jpg_gamma,Prawn_1,128.2093333333333,2.560994772002127,1.478591021008652,129.97,124.588,130.07,29.055,28.752,29.238,57.035,62.073,56.036,1.230960202536279,151.1523372766825,805.6144603504836,745.7414629800821,0.1875672691561006,0.1876236645639696,67ee457467583908e8ad3179,139.8766897076493,650.0,140.5652065685765,741.2838949999999,773.3550924,728.860252,right,745.7414629800821,12.2713982948994,7.539547710962766,7.622289534238128,15.28868970764927,9.80668970764927,9.906689707649292,15.97720656857652,10.49520656857652,10.59520656857654,12.82403326851424,8.068891034501823,8.152040138937098,26.56433727668255,21.08233727668255,21.18233727668257,21.32174629714142,16.20845489096837,16.29786664359666,0.9992424291243097,undistorted_GX010080_238_3392,spatial_match
undistorted_GX010080_238_3392.jpg_gamma_obj2_cropped0.769997_0.339013,1.jpg,614.044,620.3781,617.256,617.211,0.0,OK,,undistorted_GX010080_238_3392.jpg_gamma,undistorted_GX010080_238_3392,0.1806717375200997,110.94039639379211,112.0847892464182,111.52071401470668,111.51258378651828,total,0.769997,0.339013,full body:undistorted_GX010080_238_3392.jpg_gamma,Prawn_2,101.8463333333333,4.122415580969755,2.380077745384396,98.825,99.039,107.675,-115.201,-114.814,-118.944,57.035,62.073,56.036,1.230960202536279,109.6038671323438,591.1896776259968,597.9272133442029,0.1854993164099971,0.1853954344610229,67ee457467583908e8ad317b,110.9150893382841,650.0,112.7036197247705,563.6483875,614.7647847000001,603.36763,right,597.9272133442029,12.233836922119,3.009137997013335,11.99132598096114,12.0900893382841,3.240089338284108,11.8760893382841,13.87861972477049,5.028619724770493,13.66461972477049,14.04363240553553,4.670183166724396,13.7972109217283,10.77886713234375,1.928867132343754,10.56486713234375,10.9070246722426,1.79137880877061,10.66738066049107,0.9979579926694003,undistorted_GX010080_238_3392,spatial_match
undistorted_GX010082_236_3137.jpg_gamma_obj2_cropped0.05702410000000001_0.264227,1.jpg,526.4466,516.4,513.4832,521.4233,1.5,OK,,undistorted_GX010082_236_3137.jpg_gamma,undistorted_GX010082_236_3137,0.1922892029612537,101.22999711566196,99.29814440919142,98.73727526199404,100.2640707624267,total,0.05702410000000001,0.264227,full body:undistorted_GX010082_236_3137.jpg_gamma,Prawn_0,67.466,3.219272381558708,1.858647776087648,68.78,63.034,70.584,-4.198,-3.608,-5.148,63.561,70.578,63.159,1.230960202536279,81.14682920502048,430.5695219198405,471.2662301882476,0.188433873966446,0.1884639415330648,67ee457467583908e8ad3128,88.8025214239344,650.0,88.82922337519891,437.172558,444.8813652,445.8014856,right,471.2662301882476,40.88035254614081,25.81112068448145,29.11096455936957,25.76852142393439,18.21852142393439,20.02252142393439,25.79522337519891,18.2452233751989,20.04922337519891,40.92271373417348,25.84895071857489,29.14978682058579,18.11282920502048,10.56282920502048,12.36682920502048,28.73501476190704,14.96490593480176,17.98026927162035,0.9306791266711747,undistorted_GX010082_236_3137,spatial_match
undistorted_GX010082_236_3137.jpg_gamma_obj1_cropped0.476971_0.301475,1.jpg,795.4634,810.0827,794.61,802.773,1.0,OK,,undistorted_GX010082_236_3137.jpg_gamma,undistorted_GX010082_236_3137,0.1922892029612537,152.95902317084895,155.77015671570044,152.79492356504184,154.36458032881455,total,0.476971,0.301475,full body:undistorted_GX010082_236_3137.jpg_gamma,Prawn_1,113.9653333333333,5.021146903071268,2.898960516128853,119.107,107.153,115.636,100.657,101.904,101.371,63.561,70.578,63.159,1.230960202536279,141.8789662689949,767.8432331362046,754.8572158515314,0.1847481127300488,0.1847759544477584,67ee457467583908e8ad3124,139.4584460092295,650.0,142.283439694951,757.0560026999999,756.2644434000001,730.3454124,right,754.8572158515314,30.14889551317226,17.08669180587999,20.60123664709048,32.30544600922947,20.35144600922948,23.82244600922954,35.13043969495099,23.176439694951,26.64743969495106,32.78530670625273,19.45850344224185,23.04424201369044,34.7259662689949,22.7719662689949,26.24296626899496,32.4078339094518,19.11891515107836,22.69446043532721,0.9903919916059958,undistorted_GX010082_236_3137,spatial_match
undistorted_GX010082_53_796.jpg_gamma_obj1_cropped0.723353_0.425668,1.jpg,828.0706,837.1529,842.8155,832.6118,1.2,OK,,undistorted_GX010082_53_796.jpg_gamma,undistorted_GX010082_53_796,0.1973515423023031,163.4210100451935,165.2134159578457,166.33093880128675,164.31722286909672,total,0.723353,0.425668,full body:undistorted_GX010082_53_796.jpg_gamma,Prawn_1,143.8303333333333,10.5034418591664,6.064164984807305,130.899,156.626,143.966,165.694,165.828,167.441,63.071,52.154,57.5,1.230960202536279,154.6447166068512,821.7801699032714,806.9362222995998,0.1883047406389122,0.1881825849181221,67ee457267583908e8ad2ea9,151.9499160522697,650.0,152.0998394295256,825.5930828999999,816.8672404000001,827.8045,right,806.9362222995998,16.08180051205108,2.985509396735065,5.54569554774722,21.05091605226974,4.676083947730262,7.983916052269763,21.20083942952559,4.526160570474417,8.133839429525608,16.19633414275555,2.889788777389716,5.649833592324304,23.7457166068512,1.9812833931488,10.67871660685122,18.14048740391539,1.264977330167916,7.417526781914637,0.9944481570932552,undistorted_GX010082_53_796,spatial_match
undistorted_GX010082_65_1070.jpg_gamma_obj1_cropped0.8137599999999999_0.256097,1.jpg,773.0103,783.8552,792.4065,778.4328,1.8,OK,,undistorted_GX010082_65_1070.jpg_gamma,undistorted_GX010082_65_1070,0.1886756853644271,145.84824814626143,147.89441708647007,149.50783947472692,146.87134205015002,total,0.8137599999999999,0.256097,full body:undistorted_GX010082_65_1070.jpg_gamma,Prawn_1,129.8183333333333,0.6539267712995221,0.377544797440082,129.317,130.742,129.396,173.123,173.536,172.84,62.0,62.504,62.0,1.230960202536279,145.1365152885216,770.581507799564,815.0257130170205,0.1884372083960627,0.1883467405063567,67ee457567583908e8ad32bd,153.5811701319379,650.0,153.6246318544832,801.7654,817.1897968,802.2551999999998,right,815.0257130170205,18.76332588285985,17.46888538643886,18.6908174378945,24.26417013193787,22.83917013193789,24.18517013193795,24.30763185448319,22.88263185448321,24.22863185448327,18.79693455190206,17.50212774355846,18.72440558787233,15.81951528852159,14.3945152885216,15.74051528852166,12.23312889142308,11.00986315684447,12.16460732056762,0.9900704192385431,undistorted_GX010082_65_1070,spatial_match
undistorted_GX010082_65_1070.jpg_gamma_obj2_cropped0.700407_0.878715,1.jpg,754.0,753.0106,742.033,753.5053,1.5,OK,,undistorted_GX010082_65_1070.jpg_gamma,undistorted_GX010082_65_1070,0.1886756853644271,142.26146676477805,142.07479104167848,140.00358483802194,142.16812890322825,total,0.700407,0.878715,full body:undistorted_GX010082_65_1070.jpg_gamma,Prawn_2,116.8093333333333,2.649782422933793,1.529852595174765,113.697,116.558,120.173,-2.927,-2.203,-3.077,62.0,62.504,62.0,1.230960202536279,133.3677836372026,707.647536688492,719.5395250702007,0.1884666099365973,0.1884663998991794,67ee457567583908e8ad32bf,135.60917500537,650.0,135.6263893006169,704.9214,728.5341232,745.0726000000001,right,719.5395250702007,19.27243023595168,12.84496101900592,16.34480259216012,21.91217500536999,15.43617500536999,19.05117500537,21.92938930061689,15.45338930061689,19.0683893006169,19.28757073679771,12.85928561375425,16.35957145851585,19.67078363720256,13.19478363720256,16.80978363720257,17.30105775631948,10.97982378504536,14.42181886889152,0.9283849504387303,undistorted_GX010082_65_1070,spatial_match
undistorted_GX010082_8_59.jpg_gamma_obj2_cropped0.755945_0.47075700000000004,1.jpg,746.0965,751.3641,744.5079,748.7303,0.6,OK,,undistorted_GX010082_8_59.jpg_gamma,undistorted_GX010082_8_59,0.1918796530815872,143.16073758538647,144.17148284595902,142.85591756850104,143.66611021567277,total,0.755945,0.47075700000000004,full body:undistorted_GX010082_8_59.jpg_gamma,Prawn_3,119.8393333333333,11.32565101391036,6.538867661628908,107.057,134.589,117.872,-112.119,-112.765,-112.543,62.514,54.148,58.421,1.230960202536279,127.0474937402216,685.157495236774,814.0420931212242,0.1851378324471559,0.1854281601288139,67ee457367583908e8ad30e8,150.7099886412093,650.0,153.4392288150906,669.2561298,728.7725172,688.6200111999999,right,814.0420931212242,40.77546413705716,11.97793923813186,27.85902389134763,43.65298864120929,16.12098864120929,32.83798864120928,46.38222881509064,18.85022881509065,35.56722881509063,43.32479783208071,14.00577225114285,30.17445094262473,19.99049374022157,7.54150625977843,9.175493740221555,18.67275726035809,5.603360051548366,7.784286124119006,0.9806666088676654,undistorted_GX010082_8_59,spatial_match
undistorted_GX010082_8_59.jpg_gamma_obj1_cropped0.467129_0.147647,1.jpg,784.547,803.4407,811.2441,793.9939,2.2,OK,,undistorted_GX010082_8_59.jpg_gamma,undistorted_GX010082_8_59,0.1918796530815872,150.53860618620004,154.16392278762763,155.66123647248446,152.35127408089647,total,0.467129,0.147647,full body:undistorted_GX010082_8_59.jpg_gamma,Prawn_1,135.7673333333333,7.132853581998041,4.118154935656755,127.911,145.175,134.216,40.943,35.995,39.618,62.514,54.148,58.421,1.230960202536279,141.9414812542173,759.272173952114,768.4743900978524,0.1870611892334099,0.186944136929703,67ee457367583908e8ad30e2,143.7517333071236,650.0,144.8501481399467,799.6228254,786.0935900000002,784.1032936,right,768.4743900978524,12.38418377397067,0.9803800192019162,7.104766426598633,15.84073330712363,1.423266692876382,9.535733307123621,16.9391481399467,0.3248518600533146,10.63414813994669,13.24291745037307,0.2237657034980641,7.923159787168957,14.03048125421725,3.23351874578276,7.725481254217243,10.96894032117429,2.227324777532468,5.756006179752967,0.9982328061835145,undistorted_GX010082_8_59,spatial_match
undistorted_GX010082_8_59.jpg_gamma_obj3_cropped0.320508_0.590259,1.jpg,608.7076,606.0008,593.2529,607.3542,2.3,OK,,undistorted_GX010082_8_59.jpg_gamma,undistorted_GX010082_8_59,0.1918796530815872,116.79860311612558,116.27922327116434,113.83316064164556,116.53891319364496,total,0.320508,0.590259,full body:undistorted_GX010082_8_59.jpg_gamma,Prawn_4,94.914,6.85051136777394,3.955144582270876,86.257,103.009,95.476,9.392,11.793,10.746,62.514,54.148,58.421,1.230960202536279,115.8861695437022,615.1084615374929,639.2556928371579,0.188265171225801,0.1883995698157675,67ee457367583908e8ad30e6,120.3495824690556,650.0,120.4936468930031,539.2270098000001,557.7731332000001,557.7803396,right,639.2556928371579,39.52442406883566,16.83404602418778,26.05218323877789,34.09258246905559,17.34058246905559,24.87358246905558,34.23664689300313,17.48464689300313,25.01764689300312,39.69144172995018,16.97390217651189,26.20307395890393,29.62916954370222,12.87716954370222,20.41016954370221,34.34987252478317,12.50101403149455,21.37727758148876,0.9888233213655744,undistorted_GX010082_8_59,spatial_match
undistorted_GX010084_130_1748.jpg_gamma_obj3_cropped0.731519_0.587507,1.jpg,840.8091,832.7353,835.4639,836.7722,0.2,OK,,undistorted_GX010084_130_1748.jpg_gamma,undistorted_GX010084_130_1748,0.1822157434402332,153.2086552478134,151.73748177842566,152.23467565597667,152.47306851311953,total,0.731519,0.587507,full body:undistorted_GX010084_130_1748.jpg_gamma,Prawn_2,135.8903333333333,22.53807001990681,13.01236079300783,148.695,104.21,154.766,63.568,63.217,64.699,51.971,67.72,47.17,1.230960202536279,142.8779221290096,770.7080520217297,716.700079252432,0.1854292888969637,0.1853852723534037,67ee457267583908e8ad2f4c,132.897186048176,650.0,135.0911806422167,772.7827844999999,705.71012,730.031222,right,716.700079252432,27.52824685555703,14.13024433778997,10.62430744263358,28.68718604817597,21.86881395182402,15.797813951824,30.88118064221673,19.67481935778326,13.60381935778324,29.63360583650008,12.71262380483004,9.148807530705968,38.66792212900963,11.88807787099037,5.817077870990346,37.1057692438438,7.681323980066922,3.912087071515752,0.9972937623088522,undistorted_GX010084_130_1748,spatial_match
undistorted_GX010084_130_1748.jpg_gamma_obj1_cropped0.176565_0.634902,1.jpg,624.9288,620.2104,627.1467,622.5696,0.7,OK,,undistorted_GX010084_130_1748.jpg_gamma,undistorted_GX010084_130_1748,0.1822157434402332,113.87186588921284,113.01209912536444,114.27600218658893,113.44198250728864,total,0.176565,0.634902,full body:undistorted_GX010084_130_1748.jpg_gamma,Prawn_1,98.72266666666667,11.76698730441323,6.793673287753886,108.314,82.15,105.704,-19.079,-73.715,-20.179,51.971,67.72,47.17,1.230960202536279,110.9425048884088,599.3538187081152,610.6965089943386,0.1850616184273991,0.1851035255394573,67ee457267583908e8ad2f4e,113.016484322455,650.0,115.1105110804205,562.9186894,556.3198,498.605768,right,610.6965089943386,37.57332236452222,4.341529555232953,6.917887991424171,30.86648432245501,4.702484322455021,7.312484322455006,32.9605110804205,6.796511080420515,9.4065110804205,40.12235067610529,6.274822350222978,8.898916862578995,28.79250488840884,2.628504888408855,5.238504888408841,35.04869736872653,2.426745285382181,4.955824650352721,0.9980073593082976,undistorted_GX010084_130_1748,spatial_match
undistorted_GX010084_30_344.jpg_gamma_obj1_cropped0.810401_0.21446000000000004,1.jpg,669.6059,668.4108,660.0,669.0083,1.3,OK,,undistorted_GX010084_30_344.jpg_gamma,undistorted_GX010084_30_344,,,,,,total,0.810401,0.21446000000000004,full body:undistorted_GX010084_30_344.jpg_gamma,Prawn_0,111.6186666666667,6.655886734479652,3.842777997847486,112.429,103.092,119.335,-141.74,-142.836,-142.386,55.731,60.374,51.624,1.230960202536279,112.6357432797018,601.9776499482355,658.9283742484897,0.1871681342357333,0.1871095102773125,67ee457467583908e8ad3208,123.3303944030748,650.0,124.2017611170549,626.5780599000001,622.4076408,616.055004,right,658.9283742484897,19.63139176956001,3.348049108036043,9.696247767991165,20.23839440307481,3.995394403074812,10.90139440307479,21.10976111705494,4.866761117054949,11.77276111705493,20.47662390588498,4.078234480290735,10.47128509286298,9.543743279701786,6.699256720298209,0.2067432797017688,9.257501338320905,5.613823874218133,0.1838878578496373,0.997845385605372,undistorted_GX010084_30_344,spatial_match
undistorted_GX010084_30_344.jpg_gamma_obj2_cropped0.207125_0.521242,1.jpg,694.8093,698.6444,697.5213,696.7269,0.1,OK,,undistorted_GX010084_30_344.jpg_gamma,undistorted_GX010084_30_344,,,,,,total,0.207125,0.521242,full body:undistorted_GX010084_30_344.jpg_gamma,Prawn_2,121.8206666666667,8.821364570682297,5.093017209503252,118.798,112.85,133.814,-106.136,-105.668,-104.76,55.731,60.374,51.624,1.230960202536279,123.6160152873466,668.6300126572318,679.0005014071457,0.1849976286890417,0.1848795491486821,67ee457467583908e8ad320a,125.6134826389923,650.0,127.9851670833162,662.0731338,681.32059,690.8013936,right,679.0005014071457,11.31013082764046,6.128295515422707,5.737034831387945,12.76348263899226,8.20051736100774,6.81548263899225,15.13516708331618,5.828832916683822,9.187167083316169,13.41175638751987,4.355921590180268,7.733435818209203,10.76601528734662,10.19798471265338,4.818015287346611,9.540111021131253,7.621014776221756,4.055636700404562,0.9957248347714289,undistorted_GX010084_30_344,spatial_match
undistorted_GX010084_30_344.jpg_gamma_obj4_cropped0.361298_0.7201640000000001,1.jpg,819.9146,828.2705,810.5307,824.0926,1.6,OK,,undistorted_GX010084_30_344.jpg_gamma,undistorted_GX010084_30_344,,,,,,total,0.361298,0.7201640000000001,full body:undistorted_GX010084_30_344.jpg_gamma,Prawn_3,135.806,8.455808299624591,4.881963198004129,136.485,125.127,145.806,-83.66,-84.531,-83.593,55.731,60.374,51.624,1.230960202536279,138.5676429658418,750.2335041468689,709.13584190687,0.1847101101964524,0.1846993532012604,67ee457467583908e8ad320c,130.9845595028721,650.0,133.6653935057959,760.6445535,755.4417498,752.7088944000001,right,709.13584190687,4.681291410224863,10.16517872867231,4.030069602614153,5.857559502872064,14.82144049712795,5.500440497127926,8.538393505795895,12.14060649420412,2.819606494204095,6.823781842284955,8.32654794329734,2.065872802288966,13.44064296584183,7.238357034158184,2.082642965841842,10.74160090615282,4.964375289191243,1.525913445317685,0.9854267561246121,undistorted_GX010084_30_344,spatial_match
undistorted_GX010085_261_3610.jpg_gamma_obj2_cropped0.652377_0.435178,1.jpg,718.5458,724.4667,728.2225,721.5062,0.9,OK,,undistorted_GX010085_261_3610.jpg_gamma,undistorted_GX010085_261_3610,0.1733643077563191,124.57019520821052,125.5966679380049,126.2477896050761,125.08342290489232,total,0.652377,0.435178,full body:undistorted_GX010085_261_3610.jpg_gamma,Prawn_1,116.825,6.158460251285762,3.555588683873445,113.157,111.818,125.5,-90.343,-88.531,-90.315,59.034,62.801,58.009,1.230960202536279,128.3649059364165,695.071938722892,594.174895466166,0.1846819052861435,0.1846785904956414,67ee457367583908e8ad2f8c,109.7333517678867,650.0,111.9963433242744,668.0110338,702.2282218,728.01295,right,594.174895466166,1.86432258859336,12.56306632040902,3.025573523611764,2.084648232113324,15.76664823211333,3.423648232113365,0.1783433242744508,13.50365667572555,1.160656675725591,0.1594942891792473,10.75988579739088,1.025704707376115,16.54690593641654,2.864905936416534,15.20790593641649,14.79807002129938,2.282793574833891,13.43965104802751,0.8642874304913383,undistorted_GX010085_261_3610,spatial_match
undistorted_GX010088_209_2904.jpg_gamma_obj1_cropped0.706544_0.162394,1.jpg,666.0848,655.1618,673.0119,660.6233,1.9,OK,,undistorted_GX010088_209_2904.jpg_gamma,undistorted_GX010088_209_2904,0.1744074506862933,116.17015190888952,114.26509932504314,117.37828976053856,115.21762561696632,total,0.706544,0.162394,full body:undistorted_GX010088_209_2904.jpg_gamma,Prawn_0,105.5916666666667,4.731832649431108,2.73192485390931,99.742,105.702,111.331,-94.736,-92.579,-92.141,68.007,63.071,57.706,1.230960202536279,114.4250359064313,619.4930153586075,593.5523886410324,0.1846858127561854,0.1847075480587844,67ee457367583908e8ad2f71,109.6207053095443,650.0,111.8790066803984,678.3154194000001,666.6730842,642.4466686000001,right,593.5523886410324,9.904258295947846,1.536225032071658,3.707314250954848,9.878705309544301,1.710294690455697,3.918705309544293,12.13700668039843,0.54800668039843,6.177006680398421,12.16840115537931,0.492231885457267,5.843793570981079,14.68303590643126,3.094035906431259,8.72303590643125,14.7210161280416,2.779132412743314,8.252479523974237,0.9723988881021768,undistorted_GX010088_209_2904,spatial_match
undistorted_GX010088_262_3712.jpg_gamma_obj4_cropped0.589329_0.508396,1.jpg,761.9816,768.5024,761.4145,765.242,0.5,OK,,undistorted_GX010088_262_3712.jpg_gamma,undistorted_GX010088_262_3712,0.1953468383114219,148.85069641147857,150.1245140747397,148.73991521947215,149.48760524310913,total,0.589329,0.508396,full body:undistorted_GX010088_262_3712.jpg_gamma,Prawn_1,147.935,2.798254575028268,1.615573032153672,149.196,150.553,144.056,-101.249,-100.676,-99.719,49.477,49.477,50.99,1.230960202536279,135.2064177976229,731.6419889536136,681.1176207151782,0.1847903028632331,0.1847986034686085,67ee457467583908e8ad323f,125.8639314174425,650.0,128.3842240321878,738.1770491999999,744.8910781,734.541544,right,681.1176207151782,12.62846988848609,16.39892169704855,15.63853493562665,18.19206858255752,24.68906858255751,23.33206858255754,15.67177596781218,22.16877596781217,20.8117759678122,10.87894705379309,14.72489818722454,13.94928548205863,8.84958220237715,15.34658220237714,13.98958220237716,6.143154191687364,10.1934748576097,9.376646962637846,0.9959711957543383,undistorted_GX010088_262_3712,spatial_match
undistorted_GX010088_262_3712.jpg_gamma_obj2_cropped0.0832966_0.156131,1.jpg,734.8911,727.6435,725.6783,731.2673,0.8,OK,,undistorted_GX010088_262_3712.jpg_gamma,undistorted_GX010088_262_3712,0.1953468383114219,143.558652888203,142.14285714285714,141.75896153620752,142.85075501553007,total,0.0832966,0.156131,full body:undistorted_GX010088_262_3712.jpg_gamma,Prawn_0,134.6753333333334,7.421831954144178,4.284996676605307,133.847,144.151,126.028,-100.088,-100.176,-98.231,49.477,49.477,50.99,1.230960202536279,125.62940524535,679.6047750306792,731.3973827137428,0.184732860713629,0.1848565664355121,67ee457467583908e8ad323d,135.1131308271707,650.0,137.8614832197139,662.2348019,713.2159027,642.6167720000001,right,731.3973827137428,7.208819331553828,6.269723534924728,0.9459538332354309,9.085130827170659,9.037869172829346,1.266130827170628,11.83348321971387,6.289516780286135,4.014483219713838,9.38956677858402,4.363144744251608,2.999307582324473,0.3985947546500199,18.52159475465002,8.217594754650051,0.316274760093011,12.84874524259285,6.139543474751058,0.9905256269199305,undistorted_GX010088_262_3712,spatial_match
undistorted_GX010088_327_4364.jpg_gamma_obj3_cropped0.307725_0.365175,1.jpg,756.2143,749.0808,743.0814,752.6475,1.3,OK,,undistorted_GX010088_327_4364.jpg_gamma,undistorted_GX010088_327_4364,0.1942577411709856,146.9004817591981,145.51474416255485,144.34931427017366,146.20760324798945,total,0.307725,0.365175,full body:undistorted_GX010088_327_4364.jpg_gamma,Prawn_0,127.0246666666666,10.56928506990368,6.102179580250784,117.121,122.281,141.672,0.694,0.996,1.675,56.356,56.436,48.301,1.230960202536279,133.1252973184184,706.4263959549579,651.3851551897606,0.1884505511376902,0.1884489284102381,67ee457367583908e8ad2fad,122.7538914984202,650.0,122.7799357287426,660.0471076,690.1050516,684.2899272000001,right,651.3851551897606,4.809463288752871,13.35345622393963,0.3867252462935922,5.63289149842025,18.91810850157975,0.4728914984202675,5.658935728742591,18.89206427125741,0.4989357287426088,4.831700317400458,13.33507275344275,0.408023919286405,16.00429731841838,8.546702681581621,10.8442973184184,13.66475467116775,6.032739483865281,8.868342030583982,0.959975092919823,undistorted_GX010088_327_4364,spatial_match
undistorted_GX010088_327_4364.jpg_gamma_obj2_cropped0.0898486_0.872778,1.jpg,734.2929,738.0312,736.3647,736.162,0.0,OK,,undistorted_GX010088_327_4364.jpg_gamma,undistorted_GX010088_327_4364,0.1942577411709856,142.64208011189243,143.36827382571195,143.0445433000505,143.00516725591515,total,0.0898486,0.872778,full body:undistorted_GX010088_327_4364.jpg_gamma,Prawn_3,134.249,7.055854354127971,4.073699410718578,126.493,132.69,143.564,-53.902,-56.437,-55.577,56.356,56.436,48.301,1.230960202536279,120.0151477118211,645.7453297093289,680.992857132977,0.1857444345063066,0.1858552314514514,67ee457367583908e8ad2fab,126.4906331509988,650.0,128.3607072779574,712.8639508,748.849284,693.4284764,right,680.992857132977,0.001871130419192214,11.89251264174943,4.672067864195587,0.002366849001148807,17.07336684900115,6.199366849001123,1.867707277957379,15.20329272204262,4.329292722042595,1.476530146298514,10.58990605029298,3.262712127547363,6.477852288178852,23.54885228817885,12.67485228817883,5.121115230233177,16.40303438757547,9.552228719706706,0.9954041173168721,undistorted_GX010088_327_4364,spatial_match
undistorted_GX010088_327_4364.jpg_gamma_obj1_cropped0.10054299999999998_0.59776,1.jpg,652.2224,642.8717,652.2162,647.547,0.7,OK,,undistorted_GX010088_327_4364.jpg_gamma,undistorted_GX010088_327_4364,0.1942577411709856,126.69925016511908,124.88280430475156,126.6980457671238,125.79101752204824,total,0.10054299999999998,0.59776,full body:undistorted_GX010088_327_4364.jpg_gamma,Prawn_2,110.0133333333333,11.9494754231677,6.899032852240688,110.161,95.305,124.574,-53.647,-51.34,-54.197,56.356,56.436,48.301,1.230960202536279,105.4849499845219,568.0740629085345,610.6436414070224,0.1856497091636601,0.1856887277064541,67ee457367583908e8ad2faf,113.3658144298521,650.0,115.100546040657,620.8233316,537.863298,601.7048774,right,610.6436414070224,18.95054239531195,8.997210951039488,2.909209638485534,18.06081442985206,11.20818557014793,3.20481442985205,19.795546040657,9.47345395934299,4.939546040656992,20.77073190352762,7.604679916630268,4.483933552397847,10.17994998452193,19.08905001547807,4.676050015478083,10.68144376949995,15.32346237214673,4.244741801071235,0.9943368555456761,undistorted_GX010088_327_4364,spatial_match
undistorted_GX010089_11_236.jpg_gamma_obj3_cropped0.651187_0.840038,1.jpg,328.8662,320.601,321.9084,324.7336,0.9,OK,,undistorted_GX010089_11_236.jpg_gamma,undistorted_GX010089_11_236,0.1828420975645432,60.13058582608059,58.61935932129013,58.858407079646014,59.37497257368537,total,0.651187,0.840038,full body:undistorted_GX010089_11_236.jpg_gamma,Prawn_3,52.411,2.924820108428322,1.688645676932322,49.658,51.114,56.461,-49.574,-45.535,-47.045,57.14,59.211,56.143,1.230960202536279,15.22728223274226,76.55793308860905,314.4041709643527,0.2005334290201004,0.1988988158172717,67ee457567583908e8ad3333,63.04854650170351,700.0,63.82084161470036,283.745812,302.6511053999999,316.9889923,left,314.4041709643527,26.96553727839122,11.66742796213938,23.34887995794402,13.39054650170351,6.587546501703514,11.93454650170351,14.16284161470036,7.359841614700365,12.70684161470036,28.52076526380515,13.0352661389284,24.8598067353374,34.43071776725774,41.23371776725774,35.88671776725774,69.33569166550755,73.03044183995631,70.20917511299788,,undistorted_GX010089_11_236,spatial_match
undistorted_GX010089_11_236.jpg_gamma_obj1_cropped0.856459_0.40323700000000007,1.jpg,470.7717,465.8508,455.0527,468.3113,2.8,OK,,undistorted_GX010089_11_236.jpg_gamma,undistorted_GX010089_11_236,0.1828420975645432,86.07688510202588,85.17713742412053,83.20279017040883,85.62702040517809,total,0.856459,0.40323700000000007,full body:undistorted_GX010089_11_236.jpg_gamma,Prawn_2,83.09433333333334,2.536641655592857,1.464530742694154,84.568,79.525,85.19,-107.835,-106.28,-104.036,57.14,59.211,56.143,1.230960202536279,99.2577945108215,498.3148008659687,504.5344754014023,0.1993706811009186,0.1991869282998054,67ee457567583908e8ad332d,100.5893819996722,700.0,102.4153551938714,483.221552,470.8754775,478.2822170000001,left,504.5344754014023,26.48774850634671,18.07651367492925,18.94496972811491,21.06438199967222,15.39938199967223,16.02138199967222,22.89035519387136,17.22535519387137,17.84735519387135,28.7838480903758,20.21992627523344,21.10414718790955,19.73279451082149,14.0677945108215,14.68979451082149,24.81332223932284,16.51343410121082,17.37039366051164,0.9938022993604043,undistorted_GX010089_11_236,spatial_match
undistorted_GX010089_11_236.jpg_gamma_obj2_cropped0.49302100000000004_0.456011,1.jpg,429.6941,428.5464,424.9729,429.1202,1.0,OK,,undistorted_GX010089_11_236.jpg_gamma,undistorted_GX010089_11_236,0.1828420975645432,78.5661705551086,78.35632267973378,77.70293644408689,78.46123747531631,total,0.49302100000000004,0.456011,full body:undistorted_GX010089_11_236.jpg_gamma,Prawn_1,64.972,5.338835828155796,3.082378302544968,64.54,58.66,71.716,-49.399,-51.546,-49.028,57.14,59.211,56.143,1.230960202536279,77.94853248728911,388.7549997228846,413.1844930837009,0.2006846957187773,0.200508115761477,67ee457567583908e8ad3331,82.91980427021974,700.0,83.8722400210618,368.78156,347.331726,402.6351387999999,left,413.1844930837009,41.35663871500127,15.62246119446114,28.47815969975168,24.25980427021975,11.20380427021975,18.37980427021974,25.2122400210618,12.15624002106181,19.33224002106179,42.98029325104297,16.95052710840232,29.95388909368111,19.28853248728912,6.23253248728912,13.40853248728911,32.88191695753345,8.690574609974233,20.77553840608786,0.9978942637605386,undistorted_GX010089_11_236,spatial_match
undistorted_GX010091_5_149.jpg_gamma_obj4_cropped0.465435_0.828935,1.jpg,244.8612,244.2335,237.3563,244.5473,2.9,OK,,undistorted_GX010091_5_149.jpg_gamma,undistorted_GX010091_5_149,0.1922892029612537,47.084164984136144,46.96346505143736,45.64105374483224,47.023805403326605,total,0.465435,0.828935,full body:undistorted_GX010091_5_149.jpg_gamma,Prawn_2,36.82166666666667,1.944887543164269,1.12288134658944,36.901,34.401,39.163,30.964,27.951,30.964,56.886,64.498,53.6,1.230960202536279,50.69749893177121,250.8728952381469,272.15770199411,0.2017237692590102,0.2020844016793661,67ee457567583908e8ad335c,54.9006774791223,700.0,55.24523908162866,209.9150286000001,221.8795698,209.91368,left,272.15770199411,59.59035341740733,40.18506620821261,48.77829185963065,20.4996774791223,15.7376774791223,17.9996774791223,20.84423908162866,16.08223908162866,18.34423908162866,60.59195686645347,41.06488032486956,49.7120378353667,16.29649893177121,11.53449893177122,13.79649893177122,47.37216630845385,29.45254176587907,37.3878727724756,0.6281063680991064,undistorted_GX010091_5_149,spatial_match
undistorted_GX010091_5_149.jpg_gamma_obj1_cropped0.48227499999999995_0.498148,1.jpg,548.8761,563.9087,558.4344,556.3924,0.4,OK,,undistorted_GX010091_5_149.jpg_gamma,undistorted_GX010091_5_149,0.1922892029612537,105.5429477934814,108.43355446591674,107.38090568214596,106.98825112969908,total,0.48227499999999995,0.498148,full body:undistorted_GX010091_5_149.jpg_gamma,Prawn_1,91.019,10.54169790245701,6.086252121699271,85.187,82.053,105.817,-87.161,-86.1,-83.928,56.886,64.498,53.6,1.230960202536279,101.2197117941388,508.9303086623944,510.2136886751421,0.1989045765835018,0.1988871758496195,67ee457567583908e8ad3358,101.4838377130358,700.0,103.5681775935479,484.5947682,529.2254394,567.17912,left,510.2136886751421,23.68083764522413,4.094958548214596,19.13066279248679,19.43083771303576,4.333162286964239,16.29683771303573,21.51517759354793,2.248822406452064,18.3811775935479,26.22107368840619,2.125199548703955,21.57744443817472,19.16671179413879,4.597288205861204,16.03271179413876,23.35894092128111,4.3445648675177,18.82060853667667,0.9813772768823035,undistorted_GX010091_5_149,spatial_match
undistorted_GX010091_5_149.jpg_gamma_obj2_cropped0.107193_0.133569,1.jpg,378.4706,378.431,383.471,378.4508,1.3,OK,,undistorted_GX010091_5_149.jpg_gamma,undistorted_GX010091_5_149,0.1922892029612537,72.77581001826748,72.76819536583021,73.73733294875493,72.77200269204884,total,0.107193,0.133569,full body:undistorted_GX010091_5_149.jpg_gamma,Prawn_0,72.343,6.04513512393782,3.490160391093162,79.879,72.071,65.079,-106.361,-105.471,26.565,56.886,64.498,53.6,1.230960202536279,78.70324874175198,389.5621507556656,310.1337440573419,0.2024320225187077,0.2020300190587942,67ee457567583908e8ad335a,62.78100106082697,700.0,62.95398848605535,454.3996794000001,464.8435358,348.82344,left,310.1337440573419,3.531091349241733,21.40487354520342,12.89006526782342,2.297998939173027,17.09799893917304,9.289998939173017,2.125011513944642,16.92501151394465,9.117011513944632,3.265279912021762,21.18831171389809,12.65004164496765,13.62424874175198,1.175751258248027,6.632248741751994,20.93493867722612,1.471915344768997,9.202382014613361,0.9706622898198398,undistorted_GX010091_5_149,spatial_match
undistorted_GX010094_93_1258.jpg_gamma_obj1_cropped0.980272_0.17472200000000002,1.jpg,336.2142,335.9315,333.8637,336.0729,0.7,OK,,undistorted_GX010094_93_1258.jpg_gamma,undistorted_GX010094_93_1258,0.1788204999821179,60.1219913450878,60.07143878974286,59.701673759879824,60.096724008440326,total,0.980272,0.17472200000000002,full body:undistorted_GX010094_93_1258.jpg_gamma,Prawn_0,118.9936666666667,8.961226565351172,5.173766569774725,123.872,106.425,126.684,-71.4,-74.745,-72.705,53.151,64.281,55.227,1.230960202536279,122.8459601011819,663.676963626733,672.1817826937742,0.1851000370285825,0.1850990268366061,67ee457567583908e8ad32da,124.4208728665562,650.0,126.6999031519694,658.3920672,684.1105425000001,699.6377267999999,right,672.1817826937742,16.90944126526303,1.786434856370036,0.4430967987569387,17.99587286655618,2.263127133443817,0.548872866556195,20.27490315196938,0.01590315196938263,2.827903151969394,19.05088386372505,0.01255340214185109,2.282923624361756,16.42096010118189,3.83803989881811,1.026039898818098,15.42960780002996,3.029616919909468,0.8283065574287154,0.9973125214609541,undistorted_GX010094_93_1258,frame_match
undistorted_GX010094_9_129.jpg_gamma_obj1_cropped0.409259_0.942629,1.jpg,737.5208,727.2008,711.8321,732.3608,2.8,OK,,undistorted_GX010094_9_129.jpg_gamma,undistorted_GX010094_9_129,0.1727205209250911,127.38497676908992,125.60250099314298,122.94801112320154,126.49373888111649,total,0.409259,0.942629,full body:undistorted_GX010094_9_129.jpg_gamma,Prawn_1,112.616,8.408432117027923,4.854610546228766,109.386,104.32,124.142,161.663,162.759,161.719,67.417,69.857,57.009,1.230960202536279,126.1210362133578,670.2172810703851,650.6677450167653,0.1881764380833179,0.1881793259820658,67ee457467583908e8ad31cd,122.4403386329594,650.0,122.6447107021516,737.4475961999999,728.7482239999999,707.7211278,right,650.6677450167653,17.36995651165587,1.370737838153566,11.93419508251461,18.1203386329594,1.7016613670406,13.05433863295943,18.32471070215162,1.497289297848383,13.25871070215165,17.56586532031405,1.206110178544234,12.12103075544553,21.8010362133578,1.979036213357801,16.73503621335783,20.89823256648563,1.594171362921333,15.2990658890149,0.9987461959323723,undistorted_GX010094_9_129,spatial_match
undistorted_GX010097_105_1651.jpg_gamma_obj1_cropped0.511395_0.17872,1.jpg,826.7001,842.72,822.7958,834.71,1.4,OK,,undistorted_GX010097_105_1651.jpg_gamma,undistorted_GX010097_105_1651,0.1779517750689563,147.11275024468367,149.96351988611084,146.41797312928193,148.5381261678085,total,0.511395,0.17872,full body:undistorted_GX010097_105_1651.jpg_gamma,Prawn_0,127.9386666666667,2.024732465180421,1.168979833808891,130.514,127.735,125.567,73.124,73.877,73.701,57.009,62.586,56.754,1.230960202536279,141.3154260222826,763.9038329281115,824.4279262589444,0.1850219072052313,0.1849911205191993,67ee457467583908e8ad3277,152.5372272696837,650.0,155.3968600490527,744.0472626000001,799.442271,712.6429517999999,right,824.4279262589444,21.4787541867558,16.87422596019097,19.41693918634958,26.97022726968366,22.02322726968364,24.80222726968364,29.82986004905275,24.88286004905274,27.66186004905273,23.75613023250755,19.06528039064984,21.6556621513702,15.74842602228257,10.80142602228256,13.58042602228255,12.54185098177274,8.276066952420855,10.6317188102576,0.9907579099992558,undistorted_GX010097_105_1651,spatial_match
undistorted_GX010097_105_1651.jpg_gamma_obj2_cropped0.696019_0.307528,1.jpg,725.069,719.5554,728.6206,722.3122,0.9,OK,,undistorted_GX010097_105_1651.jpg_gamma,undistorted_GX010097_105_1651,0.1779517750689563,129.02731559747306,128.0461606904529,129.65932912180796,128.53673814396296,total,0.696019,0.307528,full body:undistorted_GX010097_105_1651.jpg_gamma,Prawn_2,100.8036666666667,6.393383576444912,3.691221728893002,104.609,91.798,106.004,6.934,7.199,4.194,57.009,62.586,56.754,1.230960202536279,115.7533907130172,614.2945893751389,659.5905377025017,0.1883932859721696,0.1884330298770198,67ee457467583908e8ad327d,124.2624287939245,650.0,124.3265726600841,596.3654481,574.5269628,601.6151016,right,659.5905377025017,35.36507199930774,17.22428285151931,18.78751234972568,32.46442879392453,18.25842879392452,19.65342879392453,32.52857266008409,18.32257266008409,19.7175726600841,35.43494701418777,17.28479364937558,18.84883008162214,23.95539071301718,9.749390713017178,11.14439071301719,26.09576539033223,9.197191344682443,10.65337658616103,0.9863235928477276,undistorted_GX010097_105_1651,spatial_match
undistorted_GX010097_105_1651.jpg_gamma_obj3_cropped0.839268_0.685718,1.jpg,671.193,679.3997,674.3827,675.2964,0.1,OK,,undistorted_GX010097_105_1651.jpg_gamma,undistorted_GX010097_105_1651,0.1779517750689563,119.43998576385798,120.9003825963164,120.00759854079544,120.17019307767592,total,0.839268,0.685718,full body:undistorted_GX010097_105_1651.jpg_gamma,Prawn_3,99.61066666666666,2.357558812745838,1.361137215169184,97.476,98.46,102.896,83.387,83.29,83.313,57.009,62.586,56.754,1.230960202536279,114.6579087870203,620.6476210990984,671.9189211331903,0.1847158774506812,0.1847391416468717,67ee457467583908e8ad327b,124.1140930928323,650.0,126.650356236052,555.7009284,616.2217559999999,583.9759584,right,671.9189211331903,27.32784797573997,20.62091149591071,26.05534541217987,26.63809309283229,21.21809309283229,25.6540930928323,29.17435623605196,23.75435623605196,28.19035623605197,29.92978398380315,23.08579170818298,28.63127791595772,17.18190878702032,11.76190878702032,16.19790878702032,17.62680945773351,11.4308707695346,16.45125816272631,0.9804518017813302,undistorted_GX010097_105_1651,spatial_match
undistorted_GX010097_124_1870.jpg_gamma_obj1_cropped0.329382_0.313961,1.jpg,677.8141,664.7383,674.1313,671.2762,0.4,OK,,undistorted_GX010097_124_1870.jpg_gamma,undistorted_GX010097_124_1870,0.1816431438795342,123.12028408987705,120.745154669137,122.45132871959748,121.93271937950702,total,0.329382,0.313961,full body:undistorted_GX010097_124_1870.jpg_gamma,Prawn_0,101.2153333333333,4.342070192380079,2.506895394410888,102.675,95.32,105.651,-10.112,-9.758,-10.088,62.129,66.851,62.682,1.230960202536279,122.0597196715021,648.1851694070839,664.6609429426082,0.1883135257963412,0.1883099543655929,67ee457467583908e8ad3264,125.1646456246433,650.0,125.2822960512897,637.9095074999999,637.2237319999999,662.2415982,right,664.6609429426082,31.30995134771644,18.46991095649194,21.90372108560338,29.84464562464331,19.5136456246433,22.48964562464327,29.96229605128974,19.63129605128974,22.60729605128971,31.4333781486464,18.58126856469862,22.01830635625975,26.73971967150207,16.40871967150207,19.38471967150204,28.0525804359023,15.53105949920216,18.87968801704605,0.9974053725893193,undistorted_GX010097_124_1870,spatial_match
undistorted_GX010097_32_528.jpg_gamma_obj2_cropped0.8317550000000001_0.863504,1.jpg,640.3351,650.0354,639.7406,645.1852,0.8,OK,,undistorted_GX010097_32_528.jpg_gamma,undistorted_GX010097_32_528,0.1824850818445592,116.85160313144402,118.6217631708608,116.74311575028742,117.73667402689831,total,0.8317550000000001,0.863504,full body:undistorted_GX010097_32_528.jpg_gamma,Prawn_1,99.14533333333333,2.883137681223168,1.66458031636495,101.006,101.357,95.073,99.866,100.972,103.173,55.471,59.093,60.926,1.230960202536279,104.1425823465392,563.759700581728,580.4651189278843,0.1847917117540885,0.1847286747156233,67ee457267583908e8ad2edf,107.2651429402243,650.0,109.4121802238193,560.2903825999999,598.9489201,579.2417598,right,580.4651189278843,12.82398045735838,5.829042829034328,6.196803101027981,12.19214294022433,5.908142940224323,6.259142940224322,14.33918022381927,8.055180223819264,8.406180223819263,15.08228437497425,7.947334889370506,8.32245631330739,9.06958234653925,2.785582346539243,3.136582346539242,9.539598357619147,2.748288077329877,3.105342599983409,0.9920493622075591,undistorted_GX010097_32_528,spatial_match
undistorted_GX010097_32_528.jpg_gamma_obj1_cropped0.661415_0.316431,1.jpg,632.4555,637.9506,632.1527,635.2031,0.5,OK,,undistorted_GX010097_32_528.jpg_gamma,undistorted_GX010097_32_528,0.1824850818445592,115.41369368054164,116.41646745378566,115.35843719775907,115.91508969141772,total,0.661415,0.316431,full body:undistorted_GX010097_32_528.jpg_gamma,Prawn_0,103.2106666666667,7.196363263636866,4.154822267447079,112.325,94.732,102.575,15.642,17.464,17.507,55.471,59.093,60.926,1.230960202536279,114.9791543785689,611.1049422432292,665.8610423431871,0.1879749922043256,0.1881496064432178,67ee457267583908e8ad2ee1,125.1652242436247,650.0,125.5085034281346,623.0780075,559.7998076,624.948445,right,665.8610423431871,32.12560089898312,11.4313147060981,22.02312868011181,30.43322424362469,12.84022424362469,22.59022424362469,30.77650342813463,13.18350342813463,22.93350342813463,32.48796967036971,11.73692715614033,22.357790327209,20.24715437856895,2.654154378568947,12.40415437856895,21.37308869080031,2.36292399605515,12.09276566275305,0.9925752220384104,undistorted_GX010097_32_528,spatial_match
undistorted_GX010097_60_1080.jpg_gamma_obj2_cropped0.496912_0.391393,1.jpg,770.1461,778.257,778.4016,774.2016,0.5,OK,,undistorted_GX010097_60_1080.jpg_gamma,undistorted_GX010097_60_1080,0.1960054097493091,150.9528018973324,152.54258217526805,152.57092455751783,151.7477018365707,total,0.496912,0.391393,full body:undistorted_GX010097_60_1080.jpg_gamma,Prawn_1,137.114,2.476570208978539,1.429848476820767,136.954,134.164,140.224,2.476,2.705,1.193,54.083,56.859,54.781,1.230960202536279,153.4429163968209,814.1907971102211,735.8954171624524,0.1884553532085594,0.1884606371644465,67ee457267583908e8ad2e55,138.6834307659101,650.0,138.7093201348142,740.6883182,762.8430876,768.1610943999999,right,735.8954171624524,3.36858677880067,1.098648757766055,1.262782223162602,4.51943076591013,1.540569234089872,1.729430765910109,4.545320134814204,1.514679865185798,1.755320134814184,3.387883586367583,1.080185891991241,1.28168591995428,19.27891639682088,13.21891639682087,16.48891639682085,14.3696642890946,9.426999940681249,12.039747942244,0.9569336455757191,undistorted_GX010097_60_1080,spatial_match
undistorted_GX010097_60_1080.jpg_gamma_obj3_cropped0.284325_0.637667,1.jpg,688.1424,690.0725,688.1046,689.1074,0.1,OK,,undistorted_GX010097_60_1080.jpg_gamma,undistorted_GX010097_60_1080,0.1960054097493091,134.87963307787297,135.2579431192301,134.87222407338444,135.06877829828105,total,0.284325,0.637667,full body:undistorted_GX010097_60_1080.jpg_gamma,Prawn_0,113.193,2.129874331191082,1.229683518453246,112.507,116.076,110.996,87.739,90.0,89.246,54.083,56.859,54.781,1.230960202536279,125.2013499631308,677.9335104481119,640.6226057732563,0.18469810358048,0.1846808691908047,67ee457267583908e8ad2e51,118.3217803971059,650.0,120.7512970422333,608.4716081,659.9965284,608.0471875999999,right,640.6226057732563,6.600039998834103,1.934749988891678,5.168372098719068,7.325780397105902,2.245780397105904,5.814780397105864,9.755297042233295,4.675297042233296,8.244297042233256,8.78887261003396,4.027789588057218,7.327808085037601,14.2053499631308,9.125349963130802,12.69434996313076,12.79807377124473,7.861530344886799,11.28316457032074,0.9393438577348526,undistorted_GX010097_60_1080,spatial_match
undistorted_GX010097_60_1080.jpg_gamma_obj1_cropped0.359558_0.734083,1.jpg,538.4097,538.8024,538.4719,538.606,0.0,OK,,undistorted_GX010097_60_1080.jpg_gamma,undistorted_GX010097_60_1080,0.1960054097493091,105.5312138615026,105.60818518591115,105.543405397989,105.56968972343638,total,0.359558,0.734083,full body:undistorted_GX010097_60_1080.jpg_gamma,Prawn_3,94.39433333333334,7.402604286480684,4.2738955775039,96.899,84.339,101.945,35.995,31.701,35.967,54.083,56.859,54.781,1.230960202536279,94.82439945617845,506.6926854054437,503.3709106865567,0.1874300941789598,0.1871438096255567,67ee457267583908e8ad2e53,94.34685719693007,650.0,94.88065174560117,524.0588617000001,479.5431201,558.4649044999999,right,503.3709106865567,11.8662270087742,7.453178481602746,2.633817483224726,10.00785719693008,7.598142803069919,2.552142803069927,10.54165174560117,7.064348254398823,2.01834825439883,12.4991424437107,6.929568153807272,2.082940230960929,10.48539945617846,7.120600543821539,2.074600543821546,12.43244460591003,6.98474721057584,2.140992728326965,0.9938514045227055,undistorted_GX010097_60_1080,spatial_match
undistorted_GX010102_50_1396.jpg_gamma_obj1_cropped0.381752_0.122268,1.jpg,544.5411,532.7814,527.5699,538.6612,2.1,OK,,undistorted_GX010102_50_1396.jpg_gamma,undistorted_GX010102_50_1396,0.1996406468356957,108.71253743262128,106.36482331802752,105.32439608704333,107.53867039329208,total,0.381752,0.122268,full body:undistorted_GX010102_50_1396.jpg_gamma,Prawn_0,132.286,4.229653492505821,2.441991582477077,135.607,134.934,126.317,51.189,50.5,51.291,52.24,56.858,57.219,1.230960202536279,149.6710025273291,687.9780189515432,677.8327479252766,0.2175018242636672,0.2175520124253723,67ee457567583908e8ad32e7,147.4298592194021,760.0,149.3868354162005,708.410968,767.2077372,722.7732423,left,677.8327479252766,16.7141867044041,8.718472659525037,9.260719477227475,21.11285921940213,11.82285921940212,12.49585921940212,23.06983541620055,13.77983541620054,14.45283541620054,18.26344467981392,10.16159594725976,10.71104052069941,23.35400252732914,14.06400252732914,14.73700252732914,18.48840815355743,10.37114789600031,10.92163763568051,0.9998341377185946,undistorted_GX010102_50_1396,frame_match
undistorted_GX010102_9_165.jpg_gamma_obj2_cropped0.4502630000000001_0.499096,1.jpg,412.8256,415.0614,423.1359,413.9435,2.2,OK,,undistorted_GX010102_9_165.jpg_gamma,undistorted_GX010102_9_165,0.1898109482954977,78.35881861665781,78.78319793485689,80.31582643686887,78.57100827575734,total,0.4502630000000001,0.499096,full body:undistorted_GX010102_9_165.jpg_gamma,Prawn_4,67.901,4.232683860940559,2.443741166508616,61.996,70.004,71.703,134.045,132.474,131.009,54.755,55.002,51.01,1.230960202536279,83.96720852884815,385.3505741535752,363.0932096500172,0.2177172863653529,0.2178982312749439,67ee457567583908e8ad32fa,79.05166830268793,760.0,80.0217247053201,339.459098,385.0360008000001,365.757003,left,363.0932096500172,27.51091732158192,10.24875988827235,12.92450188944623,17.05566830268793,7.348668302687926,9.047668302687939,18.02572470532009,8.318724705320093,10.01772470532011,29.07562537150799,11.60164108240951,14.31021756659635,21.97120852884814,12.26420852884814,13.96320852884816,35.4397195445644,17.10417768970356,19.94630096687069,0.9970496863629819,undistorted_GX010102_9_165,spatial_match
undistorted_GX010102_9_165.jpg_gamma_obj1_cropped0.448036_0.216305,1.jpg,508.4339,504.357,504.5017,506.3954,0.4,OK,,undistorted_GX010102_9_165.jpg_gamma,undistorted_GX010102_9_165,0.1898109482954977,96.50632070457824,95.73248044947232,95.75994609369069,96.11939108647788,total,0.448036,0.216305,full body:undistorted_GX010102_9_165.jpg_gamma,Prawn_1,93.12166666666667,3.93733804605204,2.273223180778701,87.556,96.051,95.758,-54.851,-57.995,-58.392,54.755,55.002,51.01,1.230960202536279,107.2724699314261,493.3689859213382,473.4603492137347,0.2173640605042847,0.2174284825202398,67ee457567583908e8ad32f8,102.913263992874,760.0,104.3454207259488,479.412878,528.2997102,488.461558,left,473.4603492137347,17.53993329169217,7.144396198763148,7.472236254802699,15.357263992874,6.862263992873991,7.155263992873969,16.78942072594884,8.29442072594884,8.587420725948817,19.17563699340861,8.63543401520946,8.96783634364629,19.71646993142613,11.22146993142613,11.51446993142611,22.51869652728098,11.68282467795872,12.02455140189447,0.9965746191067829,undistorted_GX010102_9_165,spatial_match
undistorted_GX010105_28_816.jpg_gamma_obj1_cropped0.647012_0.216644,1.jpg,334.1856,340.507,345.3578,337.3463,2.4,OK,,undistorted_GX010105_28_816.jpg_gamma,undistorted_GX010105_28_816,0.18346940647647,61.31283368498303,62.472617191083394,63.36259058801945,61.89272543803321,total,0.647012,0.216644,full body:undistorted_GX010105_28_816.jpg_gamma,Prawn_0,56.471,4.365717123222716,2.520547956298393,53.099,53.678,62.636,-47.121,-49.399,-45.0,57.567,61.832,53.285,1.230960202536279,71.5830713052084,328.3529861176987,337.4792721811027,0.2182077373251512,0.2180064574760692,67ee457567583908e8ad3385,73.64058837677726,760.0,74.37669638123651,305.6750133,331.9018096,333.755926,left,337.4792721811027,38.68545241299697,17.56911101727003,37.18951595956867,20.54158837677726,11.00458837677726,19.96258837677727,21.27769638123652,11.74069638123651,20.69869638123652,40.07174594858004,18.74432655539388,38.56085618174397,18.48407130520841,8.947071305208404,17.90507130520842,34.81058269498185,14.28423160037104,33.3564426864049,0.9977384094744639,undistorted_GX010105_28_816,spatial_match
undistorted_GX010152_36_378.jpg_gamma_obj2_cropped0.73965_0.810014,1.jpg,962.2328,985.9513,999.732,974.0921,2.6,OK,,undistorted_GX010152_36_378.jpg_gamma,undistorted_GX010152_36_378,0.1442044241917341,138.7582268624001,142.17853949759177,144.16577740605078,140.46839039021714,total,0.73965,0.810014,full body:undistorted_GX010152_36_378.jpg_gamma,Prawn_1,127.1096666666667,9.539441714388852,5.507599241721149,115.866,126.275,139.188,-77.179,-78.203,-78.593,77.006,76.694,66.843,1.230960202536279,115.117117444246,975.3990845285531,929.6036197121183,0.1179741426332425,0.1180205305399547,67ee457567583908e8ad33d4,109.6691900242959,415.0,111.8721773968848,892.2377196,968.453485,930.3743484,car,929.6036197121183,5.348255722734932,21.20786991386042,13.15051275050809,6.196809975704056,29.51880997570404,16.60580997570409,3.99382260311522,27.31582260311521,14.40282260311525,3.44693232105641,19.62512759944478,11.40591772173055,0.748882555753994,24.07088255575398,11.15788255575403,0.646335038539342,17.29379153070235,8.836177038807385,0.9889854870726983,undistorted_GX010152_36_378,spatial_match
undistorted_GX010161_54_676.jpg_gamma.jpg_gamma_obj1_cropped0.9713999999999999_0.225677,1.jpg,788.0634,798.2506,793.8388,793.157,0.1,OK,,undistorted_GX010161_54_676.jpg_gamma.jpg_gamma,undistorted_GX010161_54_676,0.131065034470104,103.2875566856274,104.62274240478123,104.04450968570605,103.95514954520434,total,0.9713999999999999,0.225677,full body:undistorted_GX010161_54_676.jpg_gamma.jpg_gamma,Prawn_0,91.34933333333333,5.300849009566509,3.060446602606785,89.033,86.333,98.682,-55.84,-57.653,-56.094,91.214,98.717,89.376,1.230960202536279,112.0965857609599,979.749038909072,1045.1251474851,0.1143290226339795,0.1144135705259552,67ee457667583908e8ad3464,119.4881366421652,400.0,121.2284290006164,812.1056062,852.2534761,881.9802432,car,1045.1251474851,38.40378145340165,21.08402407953349,34.20657131868548,33.15513664216525,20.80613664216524,30.45513664216524,34.89542900061639,22.54642900061638,32.19542900061639,40.41957189095292,22.84755983929834,36.16123122956251,25.76358576095991,13.41458576095991,23.06358576095991,29.84210644939932,13.59375140447084,25.90453625168186,0.9982310611290723,undistorted_GX010161_54_676,frame_match
undistorted_GX010177_232_3047_obj3_cropped0.45725_0.40173,1.jpg,1327.7293,1359.1707,1317.6767,1343.45,1.9,OK,,,undistorted_GX010177_232_3047,0.1191511670856815,158.20049566885504,161.9467751736628,157.00271664660954,160.07363542125893,total,0.45725,0.40173,full body:undistorted_GX010177_232_3047,Prawn_0,146.2603333333334,14.9535142432213,8.63341547365472,125.159,158.02,155.602,171.495,170.682,171.241,103.73,82.855,86.093,1.230960202536279,147.6393535093827,1323.456519216285,1070.925336157095,0.1115841242691462,0.111555877632316,67ee457667583908e8ad3486,119.4982657927304,385.0,119.5628093219238,1298.274307,1309.27471,1339.6242986,car,1070.925336157095,4.52283432055995,24.37775864274752,23.2026157808188,5.660734207269627,38.52173420726963,36.10373420726968,5.59619067807624,38.45719067807624,36.0391906780763,4.471265093262362,24.336913478089,23.16113589675986,22.48035350938268,10.38064649061732,7.962646490617374,17.96143586109083,6.569197880405849,5.117316288105147,0.9836871799843054,undistorted_GX010177_232_3047,spatial_match
undistorted_GX010183_37_685.jpg_gamma_obj1_cropped0.8260990000000001_0.354157,1.jpg,765.6383,751.9362,769.6298,758.7872,1.4,OK,,undistorted_GX010183_37_685.jpg_gamma,undistorted_GX010183_37_685,0.1381081939591476,105.74092283895205,103.8485505545044,106.29218169514,104.79472979131852,total,0.8260990000000001,0.354157,full body:undistorted_GX010183_37_685.jpg_gamma,Prawn_0,100.0536666666667,0.4641783661003117,0.2679935046200156,100.297,99.404,100.46,168.408,170.46,166.271,71.449,72.835,72.139,1.230960202536279,91.29208442466383,692.7659796382901,695.2822664397846,0.1318127983255064,0.1317791102737603,67ee457567583908e8ad33b9,91.6471011655283,455.0,91.73788796792527,716.6120352999999,724.0090339999999,724.708394,car,695.2822664397846,7.803407141032251,8.772545126888012,8.624284708886321,7.756898834471698,8.812898834471696,8.649898834471713,7.666112032074722,8.722112032074719,8.559112032074736,7.712076005064909,8.682174031529682,8.533766744842552,8.11191557533617,9.167915575336167,9.004915575336184,8.160552468045722,9.125936268501063,8.97825017232438,0.9972797884289356,undistorted_GX010183_37_685,spatial_match
undistorted_GX010183_80_1633.jpg_gamma_obj1_cropped0.7766039999999998_0.23291300000000004,1.jpg,458.2685,453.4953,466.669,455.8819,2.4,OK,,undistorted_GX010183_80_1633.jpg_gamma,undistorted_GX010183_80_1633,0.1267860991720867,58.102075488443454,57.49690007987524,59.16714211453856,57.79948778415934,total,0.7766039999999998,0.23291300000000004,full body:undistorted_GX010183_80_1633.jpg_gamma,Prawn_0,136.7506666666667,6.233027104777332,3.598639876809426,144.127,137.242,128.883,20.993,20.456,20.969,76.694,78.39,83.259,1.230960202536279,141.1749857336576,1073.223771253512,1074.148564915343,0.1315625586470833,0.1315429172508609,67ee457667583908e8ad34a5,141.3177335673552,455.0,141.7267856027586,1105.3676138,1075.840038,1073.0669697,car,1074.148564915343,9.648078930002544,1.949160415914311,2.969742183409723,12.43473356735518,2.809266432644819,4.075733567355172,12.84378560275863,2.400214397241371,4.48478560275862,9.965461389600357,1.665346810272448,3.267793826058073,12.29198573365755,2.952014266342445,3.932985733657546,9.537321239928891,2.048203505479504,2.865730413180765,0.9987569585543026,undistorted_GX010183_80_1633,frame_match
