Label,PrawnID,Pond_Type,mean_length,std_length,Length_fov(mm),mean_pixels,pred_Distance_pixels,Length_ground_truth_annotation_pixels,mean_scale,pred_scale,std_scale,Scale_1,Scale_2,Scale_3,std_pixels
full body:undistorted_GX010077_14_237.jpg_gamma,Prawn_0,circle_female,75.62400000000001,3.4842906021168774,88.2238618583865,397.14444856666665,475.9868599521351,381.9356640200285,52.61633333333333,53.95216780650236,3.2798466935717174,48.918,53.759,55.172,7.030494816503553
full body:undistorted_GX010077_14_237.jpg_gamma,Prawn_1,circle_female,119.40899999999999,7.5343466206433565,130.3072585703342,626.9877596666666,701.8596644282127,703.4749854531074,52.61633333333333,53.86190087403146,3.2798466935717174,48.918,53.759,55.172,26.136595755847175
full body:undistorted_GX010077_14_237.jpg_gamma,Prawn_2,circle_female,104.47133333333333,11.1184769340649,121.3854113491351,551.0728049333334,656.6099787137315,580.5061590391097,52.61633333333333,54.092989545931125,3.2798466935717174,48.918,53.759,55.172,84.2439402746747
full body:undistorted_GX010067_33_625.jpg_gamma,Prawn_0,circle_female,120.64933333333333,11.749096745424026,139.7802545895399,700.4008776333334,748.3019646333037,684.9704688813531,58.258,53.53416810054235,3.6919836131814034,58.189,61.984,54.601,35.51284570520947
full body:undistorted_GX010067_33_625.jpg_gamma,Prawn_1,circle_female,93.004,6.587384837703051,102.7217873465614,540.5927345,551.0397602452871,531.465366737147,58.258,53.643903058870706,3.6919836131814034,58.189,61.984,54.601,24.659267283992143
full body:undistorted_GX010067_33_625.jpg_gamma,Prawn_2,circle_female,147.809,9.918887588837771,151.3019191079152,858.6749057000001,804.1152576234539,859.4328287651691,58.258,53.146401735322556,3.6919836131814034,58.189,61.984,54.601,4.346554886799485
full body:undistorted_GX010067_33_625.jpg_gamma,Prawn_3,circle_female,89.831,7.808497166548762,92.62644213355016,521.4326580000001,491.6732916785696,514.9316657389987,58.258,53.081310299025404,3.6919836131814034,58.189,61.984,54.601,14.444046229270043
full body:undistorted_GX010068_26_666.jpg_gamma,Prawn_0,circle_female,112.46333333333332,8.237980112462841,118.3209877143123,628.8422166333332,635.8323270382492,652.8786604470771,56.14766666666666,53.73791575958404,4.758746298483806,52.469,54.452,61.522,5.7935512718531745
full body:undistorted_GX010068_26_666.jpg_gamma,Prawn_1,circle_female,115.24966666666667,7.146778318468626,129.7931589838535,645.3512333666666,699.8220412950885,704.9798116559157,56.14766666666666,53.918253224898216,4.758746298483806,52.469,54.452,61.522,33.577036509121925
full body:undistorted_GX010068_26_666.jpg_gamma,Prawn_2,circle_female,123.17266666666667,4.147712662821926,134.320538518607,690.3635312333332,713.9323577608568,723.4977819186519,56.14766666666666,53.151391859701185,4.758746298483806,52.469,54.452,61.522,36.96844600182883
full body:undistorted_GX010068_27_795.jpg_gamma,Prawn_0,circle_female,137.58866666666665,7.4131252069106,144.3400041440258,712.1578338666665,781.5677065466567,758.4084509648346,51.73766666666668,54.14768491809036,1.1626746463793445,50.636,51.624,52.953,48.297545415941634
full body:undistorted_GX010068_27_795.jpg_gamma,Prawn_1,circle_female,136.09433333333334,2.7650425554289924,124.309505044012,703.9318312666668,662.7447481209406,714.257474491412,51.73766666666668,53.31408470223533,1.1626746463793445,50.636,51.624,52.953,7.398100007367508
full body:undistorted_GX010069_19_191.jpg_gamma,Prawn_0,circle_female,102.96233333333333,6.213067063321732,126.5824151852613,608.5279409,674.9011121422704,580.2341849087918,59.19466666666667,53.31713027868132,2.908873722479771,56.356,59.059,62.169,23.201010775455273
full body:undistorted_GX010069_19_191.jpg_gamma,Prawn_1,circle_female,87.69233333333334,2.332461646701465,100.5173592459666,518.6996168666666,533.8621896813747,539.2941548244797,59.19466666666667,53.111442012221055,2.908873722479771,56.356,59.059,62.169,15.120359675012754
full body:undistorted_GX010069_19_191.jpg_gamma,Prawn_2,circle_female,108.03966666666668,5.218039127232882,117.3319023643254,638.5259727666665,626.9905528988538,620.3863224591349,59.19466666666667,53.43734655831247,2.908873722479771,56.356,59.059,62.169,0.5486411547425967
full body:undistorted_GX010069_19_191.jpg_gamma,Prawn_3,circle_female,112.21633333333334,2.219250398971088,118.1661086516886,663.8774782333334,627.0923885994426,655.6998929707786,59.19466666666667,53.06871790522328,2.908873722479771,56.356,59.059,62.169,21.80480153206141
full body:undistorted_GX010071_22_444.jpg_gamma,Prawn_0,circle_female,131.18266666666668,11.691852904195015,144.4489907657441,707.8638024666667,776.7175603680705,746.9160205113892,53.98666666666666,53.7710617603199,0.6367176244877579,54.406,54.3,53.254,57.7358260314345
full body:undistorted_GX010071_22_444.jpg_gamma,Prawn_1,circle_female,126.04,11.627210542516206,123.1204379059823,680.0568603333332,666.5355681959816,700.0178569150933,53.98666666666666,54.13687439163951,0.6367176244877579,54.406,54.3,53.254,56.659204197479845
full body:undistorted_GX010073_42_695.jpg_gamma,Prawn_1,circle_female,84.04366666666665,7.342114976853287,90.99216527334579,460.7206339,488.9581867291323,481.7302765635766,55.07399999999999,53.736295345898554,4.387113059860664,50.01,57.489,57.723,3.3888815507502525
full body:undistorted_GX010073_42_695.jpg_gamma,Prawn_2,circle_female,144.47966666666665,16.004400061649708,141.8652283276093,791.0583178,760.6374565818941,793.5732433378602,55.07399999999999,53.61690567510698,4.387113059860664,50.01,57.489,57.723,22.645206562734447
full body:undistorted_GX010073_55_1014.jpg_gamma,Prawn_0,circle_female,113.72700000000002,3.2881026443832346,120.9802044842614,629.4350084000001,655.0486809560687,638.0169,55.38399999999999,54.145112727205344,1.9698111584616447,53.254,55.758,57.14,4.7084118100695145
full body:undistorted_GX010073_55_1014.jpg_gamma,Prawn_1,circle_female,108.85633333333334,3.6158043826143778,115.814424183012,602.4187134666666,614.6577635093324,610.2663394354464,55.38399999999999,53.07264339872202,1.9698111584616447,53.254,55.758,57.14,2.7984901887211593
full body:undistorted_GX010073_55_1014.jpg_gamma,Prawn_2,circle_female,94.282,1.377676667436884,109.380793272358,522.0403427333332,591.0396388226291,557.3779041099585,55.38399999999999,54.03504775751089,1.9698111584616447,53.254,55.758,57.14,14.183860058183841
full body:undistorted_GX010080_157_2283.jpg_gamma,Prawn_0,circle_female,106.32633333333332,2.437013199252993,142.3471786776564,724.3846442,765.0252001723981,696.507572109916,68.144,53.74361524261673,1.057567491936096,68.184,69.181,67.067,6.381019410321103
full body:undistorted_GX010080_157_2283.jpg_gamma,Prawn_2,circle_female,99.51133333333333,3.436101036543209,124.5870704174287,678.1177890333332,668.4548696104928,683.8488943264732,68.144,53.65363094026019,1.057567491936096,68.184,69.181,67.067,25.899299692034276
full body:undistorted_GX010080_157_2283.jpg_gamma,Prawn_3,circle_female,108.72966666666667,1.0956871512130315,127.3649364046984,741.0042223,687.1450601272937,724.6769122427523,68.144,53.950881578891554,1.057567491936096,68.184,69.181,67.067,18.921269926339917
full body:undistorted_GX010080_193_2640.jpg_gamma,Prawn_0,circle_female,120.77733333333333,3.4904272422345892,140.4721189676514,738.9126580000001,753.1987144986689,730.6055934706905,61.21633333333333,53.61908968370579,1.9533244311515021,61.814,62.801,59.034,5.749645621331146
full body:undistorted_GX010080_193_2640.jpg_gamma,Prawn_1,circle_female,115.48133333333334,3.6858738900474215,124.5776632907126,706.5147151666666,672.7854975885923,664.2490935564007,61.21633333333333,54.00530719689211,1.9533244311515021,61.814,62.801,59.034,11.725385899732892
full body:undistorted_GX010080_193_2640.jpg_gamma,Prawn_2,circle_female,114.69966666666666,4.972907231522958,124.1185335344902,701.5385049999999,671.6648637382038,714.4964727270877,61.21633333333333,54.11479209521605,1.9533244311515021,61.814,62.801,59.034,11.456741088835429
full body:undistorted_GX010080_193_2640.jpg_gamma,Prawn_3,circle_female,107.973,5.794402212480592,127.7329403277941,660.2166348666666,682.0591551184478,676.4820387602473,61.21633333333333,53.39727977513996,1.9533244311515021,61.814,62.801,59.034,13.89994144700228
full body:undistorted_GX010080_193_2640.jpg_gamma,Prawn_4,circle_female,113.177,5.315282400776088,132.9033880770651,692.1440061333333,719.5649366874694,722.8290000166915,61.21633333333333,54.141955829615405,1.9533244311515021,61.814,62.801,59.034,11.107012329405663
full body:undistorted_GX010080_212_2954.jpg_gamma,Prawn_0,circle_female,124.24166666666667,2.742113114613136,144.8775231496437,716.4481146000002,778.2062725896894,736.207516186007,57.671,53.71476925277648,1.0419611317126947,56.502,58.009,58.502,16.719045897138827
full body:undistorted_GX010080_212_2954.jpg_gamma,Prawn_1,circle_female,128.16033333333334,3.4247607702339318,140.9282298037327,738.9565329000001,759.0772313659344,740.2454214510549,57.671,53.86268119759133,1.0419611317126947,56.502,58.009,58.502,14.881492370640798
full body:undistorted_GX010080_212_2954.jpg_gamma,Prawn_2,circle_female,142.70433333333335,8.736487700061938,140.9282298037327,823.0105029,759.0772313659344,343.7458231585809,57.671,53.86268119759133,1.0419611317126947,56.502,58.009,58.502,53.499572658705695
full body:undistorted_GX010080_237_3366.jpg_gamma,Prawn_0,circle_female,129.93933333333334,3.3646753681942756,152.7145736615965,754.2634834666668,822.0823402968391,757.9101178773773,58.073,53.831295899663715,1.6974675254625646,60.033,57.079,57.107,10.398345619630675
full body:undistorted_GX010080_237_3366.jpg_gamma,Prawn_1,circle_female,132.354,6.565952406163166,152.5164527792293,767.8768059999999,816.3202737742993,828.0045532795153,58.073,53.523423794542325,1.6974675254625646,60.033,57.079,57.107,16.33789435252166
full body:undistorted_GX010080_237_3366.jpg_gamma,Prawn_2,circle_female,95.67199999999998,5.1458271443957395,112.14672367864,555.0165787333334,601.3336337009526,548.7467002603748,58.073,53.62025870894751,1.6974675254625646,60.033,57.079,57.107,14.30290868074888
full body:undistorted_GX010080_237_3366.jpg_gamma,Prawn_3,circle_female,120.09466666666667,8.051589987905084,124.1335424223215,696.5389660000001,664.1016851751501,667.5402517683036,58.073,53.49897152824121,1.6974675254625646,60.033,57.079,57.107,27.94895673772648
full body:undistorted_GX010080_237_3366.jpg_gamma,Prawn_4,circle_female,148.17133333333334,7.179603703083706,156.7156125771451,859.6695664666667,834.0379453920626,840.6406663107607,58.073,53.219837620294385,1.6974675254625646,60.033,57.079,57.107,17.6841711953292
full body:undistorted_GX010080_238_3392.jpg_gamma,Prawn_0,circle_female,121.37733333333334,8.202569373881179,140.9654013915187,706.9361952999999,759.011275129876,731.078253091104,58.38133333333334,53.843799090940806,3.2358619150596235,57.035,62.073,56.036,15.6868624795326
full body:undistorted_GX010080_238_3392.jpg_gamma,Prawn_1,circle_female,128.20933333333332,3.136565212670277,139.8766897076493,747.8330798000001,745.7414629800821,805.6144603504836,58.38133333333334,53.31420585794007,3.2358619150596235,57.035,62.073,56.036,22.95901939791381
full body:undistorted_GX010080_238_3392.jpg_gamma,Prawn_2,circle_female,101.84633333333333,5.048907340537486,110.9150893382841,593.9269340666667,597.9272133442029,591.1896776259968,58.38133333333334,53.90855445471104,3.2358619150596235,57.035,62.073,56.036,26.83405616853861
full body:undistorted_GX010080_238_3392.jpg_gamma,Prawn_3,circle_female,126.37966666666667,8.766752667512263,137.8028076480297,735.9398903,736.9374343239008,738.0346479504742,58.38133333333334,53.47767922161327,3.2358619150596235,57.035,62.073,56.036,12.19227687245862
full body:undistorted_GX010082_8_59.jpg_gamma,Prawn_1,circle_female,135.76733333333334,8.735925842939226,143.7517333071236,789.9399030000001,768.4743900978524,759.272173952114,58.361,53.458443416192935,4.183322722430101,62.514,54.148,58.421,8.444498776912624
full body:undistorted_GX010082_8_59.jpg_gamma,Prawn_2,circle_female,123.45166666666667,9.872082725207152,119.9973605908696,717.7231601,647.6056624481084,683.4113444517365,58.361,53.96832557476966,4.183322722430101,62.514,54.148,58.421,6.557709505335553
full body:undistorted_GX010082_8_59.jpg_gamma,Prawn_3,circle_female,119.83933333333334,13.87103299445767,150.7099886412093,695.5495527333333,814.0420931212242,685.157495236774,58.361,54.01381159009902,4.183322722430101,62.514,54.148,58.421,30.35727263249062
full body:undistorted_GX010082_8_59.jpg_gamma,Prawn_4,circle_female,94.914,8.390128664090913,120.3495824690556,551.5934942,639.2556928371579,615.1084615374929,58.361,53.11656922461894,4.183322722430101,62.514,54.148,58.421,10.709690252039593
full body:undistorted_GX010082_53_796.jpg_gamma,Prawn_0,circle_female,85.173,11.135799612061993,86.29366664090915,486.331257,463.4737093146629,524.4466967830474,57.574999999999996,53.70889050795582,5.4588864249038895,63.071,52.154,57.5,18.296633333945348
full body:undistorted_GX010082_53_796.jpg_gamma,Prawn_1,circle_female,143.83033333333333,12.864036548973786,151.9499160522697,823.4216077666666,806.9362222995998,821.7801699032714,57.574999999999996,53.10540757534998,5.4588864249038895,63.071,52.154,57.5,5.782939570880935
full body:undistorted_GX010082_65_1070.jpg_gamma,Prawn_0,circle_female,97.42,7.659329213449434,121.6588452961211,605.7871856,650.2084602955475,638.882315575576,62.168,53.44522699627155,0.2909845356715701,62.0,62.504,62.0,50.53631447337303
full body:undistorted_GX010082_65_1070.jpg_gamma,Prawn_1,circle_female,129.8183333333333,0.8008934594147503,153.5811701319379,807.0701322666667,815.0257130170205,770.581507799564,62.168,53.06807548847631,0.2909845356715701,62.0,62.504,62.0,8.767307666005783
full body:undistorted_GX010082_65_1070.jpg_gamma,Prawn_2,circle_female,116.80933333333333,3.2453074327917424,135.60917500537,726.1760410666666,719.5395250702007,707.647536688492,62.168,53.05979665768984,0.2909845356715701,62.0,62.504,62.0,20.17920040216316
full body:undistorted_GX010082_236_3137.jpg_gamma,Prawn_0,circle_female,67.466,3.942787338926615,88.8025214239344,442.6184696,471.2662301882476,430.5695219198405,65.766,53.06901455404285,4.172158793718189,63.561,70.578,63.159,4.738683388229795
full body:undistorted_GX010082_236_3137.jpg_gamma,Prawn_1,circle_female,113.96533333333332,6.149623918040295,139.4584460092295,747.8886195,754.8572158515314,767.8432331362046,65.766,54.12775184670953,4.172158793718189,63.561,70.578,63.159,15.198017240629525
full body:undistorted_GX010082_236_3137.jpg_gamma,Prawn_2,circle_female,115.32833333333333,9.492601136323664,142.0844249272272,755.9561874999999,761.0963915504726,769.4651007511259,65.766,53.56648991895425,4.172158793718189,63.561,70.578,63.159,22.565562778571305
full body:undistorted_GX010084_30_344.jpg_gamma,Prawn_0,circle_female,111.61866666666667,8.151763142617265,123.3303944030748,621.6802349000001,658.9283742484897,601.9776499482355,55.90966666666667,53.42789808122609,4.377735297312222,55.731,60.374,51.624,5.299105195799325
full body:undistorted_GX010084_30_344.jpg_gamma,Prawn_1,circle_female,116.77266666666667,10.516025405700258,129.8682000360583,649.8143577,697.9135027866948,674.3638738413036,55.90966666666667,53.74013827810942,4.377735297312222,55.731,60.374,51.624,7.883495326270707
full body:undistorted_GX010084_30_344.jpg_gamma,Prawn_2,circle_female,121.82066666666667,10.80392101661861,125.6134826389923,678.0650391333334,679.0005014071457,668.6300126572318,55.90966666666667,54.05474692223635,4.377735297312222,55.731,60.374,51.624,14.638209807492297
full body:undistorted_GX010084_30_344.jpg_gamma,Prawn_3,circle_female,135.806,10.356207848435652,130.9845595028721,756.2650659000001,709.13584190687,750.2335041468689,55.90966666666667,54.13888817111462,4.377735297312222,55.731,60.374,51.624,4.031384177704036
full body:undistorted_GX010084_130_1748.jpg_gamma,Prawn_0,circle_female,124.16566666666667,25.107259116306057,125.2232041184863,672.7305936,666.5911508639028,649.4107289983826,55.62033333333333,53.23223882956818,10.750062806018079,51.971,67.72,47.17,16.90697482509481
full body:undistorted_GX010084_130_1748.jpg_gamma,Prawn_1,circle_female,98.72266666666667,14.41155735281004,113.016484322455,539.2814191333333,610.6965089943386,599.3538187081152,55.62033333333333,54.03605612539839,10.750062806018079,51.971,67.72,47.17,35.38033043470393
full body:undistorted_GX010084_130_1748.jpg_gamma,Prawn_2,circle_female,135.8903333333333,27.603385667945396,132.897186048176,736.1747088333333,716.700079252432,770.7080520217297,55.62033333333333,53.9289130616072,10.750062806018079,51.971,67.72,47.17,33.955741836041426
full body:undistorted_GX010085_261_3610.jpg_gamma,Prawn_0,circle_female,130.186,4.172278873709193,133.9932992972118,779.7452099000001,721.442312815059,764.9065575739368,59.948,53.841670934217476,2.5233634300274717,59.034,62.801,58.009,8.595289465251602
full body:undistorted_GX010085_261_3610.jpg_gamma,Prawn_1,circle_female,116.825,7.542542608431193,109.7333517678867,699.4174018666666,594.174895466166,695.071938722892,59.948,54.14715634705058,2.5233634300274717,59.034,62.801,58.009,30.099551798011486
full body:undistorted_GX010088_209_2904.jpg_gamma,Prawn_0,circle_female,105.59166666666668,5.795287769674024,109.6207053095443,662.4783907333334,593.5523886410324,619.4930153586075,62.928,54.14601073446604,5.151988645173824,68.007,63.071,57.706,18.298590408760926
full body:undistorted_GX010088_209_2904.jpg_gamma,Prawn_1,circle_female,113.83366666666666,15.058053703361976,129.2109593312319,711.1929037333333,694.980124554244,678.3300216361132,62.928,53.78646889948898,5.151988645173824,68.007,63.071,57.706,38.74074890272153
full body:undistorted_GX010088_262_3712.jpg_gamma,Prawn_0,circle_female,134.67533333333336,9.089850622168298,135.1131308271707,672.6891588666666,731.3973827137428,679.6047750306792,49.98133333333333,54.132220772036305,0.8735309572839068,49.477,49.477,50.99,36.44213905067577
full body:undistorted_GX010088_262_3712.jpg_gamma,Prawn_1,circle_female,147.93500000000003,3.427147939613921,125.8639314174425,739.2032237666667,681.1176207151782,731.6419889536136,49.98133333333333,54.11539374661448,0.8735309572839068,49.477,49.477,50.99,5.250522802799781
full body:undistorted_GX010088_262_3712.jpg_gamma,Prawn_2,circle_female,168.85266666666666,2.4385746519910634,144.7999159279992,843.8201082666668,780.0307821349752,822.7563059545457,49.98133333333333,53.86956043005165,0.8735309572839068,49.477,49.477,50.99,6.369543573955967
full body:undistorted_GX010088_327_4364.jpg_gamma,Prawn_0,circle_female,127.02466666666665,12.944677683640228,122.7538914984202,678.1473621333333,651.3851551897606,706.4263959549579,53.69766666666667,53.064318144092695,4.673821598363948,56.356,56.436,48.301,15.942657512957492
full body:undistorted_GX010088_327_4364.jpg_gamma,Prawn_1,circle_female,127.06700000000001,13.96913583583465,129.2765201473148,677.9930253666668,691.9166728096287,714.1770796768891,53.69766666666667,53.5222229080089,4.673821598363948,56.356,56.436,48.301,14.192730394431948
full body:undistorted_GX010088_327_4364.jpg_gamma,Prawn_2,circle_female,110.01333333333334,14.635058740344475,113.3658144298521,586.7971689999999,610.6436414070224,568.0740629085345,53.69766666666667,53.86488373749331,4.673821598363948,56.356,56.436,48.301,43.442739566386166
full body:undistorted_GX010088_327_4364.jpg_gamma,Prawn_3,circle_female,134.249,8.641621433504246,126.4906331509988,718.3805704,680.992857132977,645.7453297093289,53.69766666666667,53.83741389925991,4.673821598363948,56.356,56.436,48.301,28.119233588726814
full body:undistorted_GX010089_11_236.jpg_gamma,Prawn_0,circle_male,73.087,3.853980150441875,95.25505718763094,419.8342781333334,475.1912613895698,451.5927644212758,57.498,49.886197690643385,1.5650172523010717,57.14,59.211,56.143,11.014230369393534
full body:undistorted_GX010089_11_236.jpg_gamma,Prawn_1,circle_male,64.972,6.538711799735479,82.91980427021974,372.91614159999995,413.1844930837009,388.7549997228846,57.498,49.82941008124088,1.5650172523010717,57.14,59.211,56.143,27.882574138466683
full body:undistorted_GX010089_11_236.jpg_gamma,Prawn_2,circle_male,83.09433333333334,3.1067388582456212,100.5893819996722,477.4597488333334,504.5344754014023,498.3148008659687,57.498,50.157826340263874,1.5650172523010717,57.14,59.211,56.143,6.213994633387818
full body:undistorted_GX010090_132_1852.jpg_gamma,Prawn_0,circle_female,124.40566666666666,15.024003871582744,150.8168572258346,795.1497264666665,802.5371589726018,773.362841951758,64.53966666666666,53.21269609609189,7.9649438374249275,56.045,71.84,65.734,19.037089105893585
full body:undistorted_GX010091_5_149.jpg_gamma,Prawn_0,circle_male,72.343,7.403748239912003,62.78100106082697,422.6888850666667,310.1337440573419,389.5621507556656,58.328,49.39929896257324,5.590270476461762,56.886,64.498,53.6,64.1821354840934
full body:undistorted_GX010091_5_149.jpg_gamma,Prawn_1,circle_male,91.019,12.9108904417937,101.4838377130358,526.9997758666667,510.2136886751421,508.9303086623944,58.328,50.2753640552957,5.590270476461762,56.886,64.498,53.6,41.33713795341
full body:undistorted_GX010094_9_129.jpg_gamma,Prawn_0,circle_female,85.40533333333333,12.095184840808898,105.4583375172172,547.6003176,567.5079941334659,574.5442124353707,64.76100000000001,53.81347814636412,6.823380980130011,67.417,69.857,57.009,17.496452935320892
full body:undistorted_GX010094_9_129.jpg_gamma,Prawn_1,circle_female,112.61599999999999,10.29818411177427,122.4403386329594,724.6389826666667,650.6677450167653,670.2172810703851,64.76100000000001,53.14161593159901,6.823380980130011,67.417,69.857,57.009,15.283328470452041
full body:undistorted_GX010094_24_430.jpg_gamma,Prawn_0,circle_female,116.28066666666666,3.675706916136449,122.5679516169286,657.5622827333333,651.9775447070489,703.8825422927395,56.59166666666667,53.19315009397614,2.1426874091507946,58.941,56.089,54.745,9.33555371911644
full body:undistorted_GX010094_93_1258.jpg_gamma,Prawn_0,circle_female,118.99366666666667,10.975216277291914,124.4208728665562,680.7134454999999,672.1817826937742,663.676963626733,57.553000000000004,54.02484062418548,5.918355514836874,53.151,64.281,55.227,20.83161803558048
full body:undistorted_GX010094_163_2312.jpg_gamma,Prawn_0,circle_female,118.65599999999999,9.41527445165567,138.2151955256912,672.6962917666668,738.1303017448811,720.9338505412679,56.93033333333333,53.404424812876584,5.5706017927449585,50.567,60.926,59.298,42.18210122100913
full body:undistorted_GX010097_32_528.jpg_gamma,Prawn_0,circle_female,103.21066666666667,8.813708999810089,125.1652242436247,602.6087533666667,665.8610423431871,611.1049422432292,58.49666666666667,53.19856584502566,2.775962235574063,55.471,59.093,60.926,37.085428571750484
full body:undistorted_GX010097_32_528.jpg_gamma,Prawn_1,circle_female,99.14533333333333,3.5311080885939132,107.2651429402243,579.4936875,580.4651189278843,563.759700581728,58.49666666666667,54.11498115947698,2.775962235574063,55.471,59.093,60.926,19.33050002157856
full body:undistorted_GX010097_60_1080.jpg_gamma,Prawn_0,circle_female,113.193,2.6085526638348684,118.3217803971059,625.5051080333334,640.6226057732563,677.9335104481119,55.24100000000001,54.14240756209291,1.4440373956376633,54.083,56.859,54.781,29.871200049090543
full body:undistorted_GX010097_60_1080.jpg_gamma,Prawn_1,circle_female,137.114,3.0331666620876607,138.6834307659101,757.2308333999999,735.8954171624524,814.1907971102211,55.24100000000001,53.062966000935106,1.4440373956376633,54.083,56.859,54.781,14.570909578261865
full body:undistorted_GX010097_60_1080.jpg_gamma,Prawn_2,circle_female,105.88,2.5365906252290684,121.6559709337517,584.6477764,648.8491925894368,665.3705796064776,55.24100000000001,53.33475928960121,1.4440373956376633,54.083,56.859,54.781,1.3748056553370112
full body:undistorted_GX010097_60_1080.jpg_gamma,Prawn_3,circle_female,94.39433333333334,9.066301634808612,94.34685719693007,520.6889621,503.3709106865567,506.6926854054437,55.24100000000001,53.35322507202029,1.4440373956376633,54.083,56.859,54.781,39.56866412586576
full body:undistorted_GX010097_105_1651.jpg_gamma,Prawn_0,circle_female,127.93866666666668,2.4797807026697694,152.5372272696837,752.0441618,824.4279262589444,763.9038329281115,58.782999999999994,54.04765387542853,3.2959616199221737,57.009,62.586,56.754,43.948757104235575
full body:undistorted_GX010097_105_1651.jpg_gamma,Prawn_1,circle_female,150.87933333333334,12.983320466403553,163.1870589401357,884.0712546,867.1076887623439,893.1273583151333,58.782999999999994,53.135812018061905,3.2959616199221737,57.009,62.586,56.754,29.513555815178037
full body:undistorted_GX010097_105_1651.jpg_gamma,Prawn_2,circle_female,100.80366666666667,7.8302637460901225,124.2624287939245,590.8358374999999,659.5905377025017,614.2945893751389,58.782999999999994,53.08044789598952,3.2959616199221737,57.009,62.586,56.754,14.365732176006238
full body:undistorted_GX010097_105_1651.jpg_gamma,Prawn_3,circle_female,99.61066666666666,2.887408064914508,124.1140930928323,585.2995476,671.9189211331903,620.6476210990984,58.782999999999994,54.13719783059787,3.2959616199221737,57.009,62.586,56.754,30.282116168210514
full body:undistorted_GX010097_124_1870.jpg_gamma,Prawn_0,circle_female,101.21533333333333,5.317928199339791,125.1646456246433,645.7916125666667,664.6609429426082,648.1851694070839,63.88733333333332,53.10293011461578,2.5814612786817723,62.129,66.851,62.682,14.250231314324557
full body:undistorted_GX010097_124_1870.jpg_gamma,Prawn_1,circle_female,95.20800000000001,8.774991680907737,116.189904910947,606.8342639000001,624.1461743165712,605.55371774921,63.88733333333332,53.71776272602546,2.5814612786817723,62.129,66.851,62.682,34.96901541709667
full body:undistorted_GX010101_12_173.jpg_gamma,Prawn_0,circle_female,155.33266666666665,5.98037877841641,159.4121194325315,845.9386662000001,850.8442861368605,869.0689462740338,54.51,53.373877040570065,2.118578060870074,56.639,54.489,52.402,13.44251045258153
full body:undistorted_GX010102_9_165.jpg_gamma,Prawn_1,circle_male,93.12166666666667,4.822234578837216,102.913263992874,498.7247154,473.4603492137347,493.3689859213382,53.589,46.005765519837986,2.2368913697361372,54.755,55.002,51.01,26.009227026204027
full body:undistorted_GX010102_9_165.jpg_gamma,Prawn_2,circle_male,47.57866666666666,3.443368166974499,24.78481152380743,254.4893966333333,114.749764849229,220.3801987781118,53.589,46.29842140982365,2.2368913697361372,54.755,55.002,51.01,9.206089974736594
full body:undistorted_GX010102_9_165.jpg_gamma,Prawn_3,circle_male,60.42666666666667,2.1505869741383017,24.78481152380743,323.49987723333334,114.749764849229,317.0122616500819,53.589,46.29842140982365,2.2368913697361372,54.755,55.002,51.01,2.2886060228693004
full body:undistorted_GX010102_9_165.jpg_gamma,Prawn_4,circle_male,67.901,5.183957850908899,79.05166830268793,363.41736726666664,363.0932096500172,385.3505741535752,53.589,45.931125483618814,2.2368913697361372,54.755,55.002,51.01,22.878350874433295
full body:undistorted_GX010102_9_165.jpg_gamma,Prawn_5,circle_male,68.09533333333333,6.2534948095711504,81.92742006418707,364.0087996666666,376.3542174995429,379.9270082648636,53.589,45.93751606051838,2.2368913697361372,54.755,55.002,51.01,18.311797626336322
full body:undistorted_GX010102_50_1396.jpg_gamma,Prawn_0,circle_male,132.286,5.180246422710027,147.4298592194021,732.7973158333334,677.8327479252766,687.9780189515432,55.439,45.97662586902018,2.776289069963715,52.24,56.858,57.219,30.653328607848966
full body:undistorted_GX010105_28_816.jpg_gamma,Prawn_0,circle_male,56.471,5.346889656613463,73.64058837677726,323.77758296666667,337.4792721811027,328.3529861176987,57.56133333333333,45.827889160039305,4.273502817751891,57.567,61.832,53.285,15.704671544116332
full body:undistorted_GX010105_28_816.jpg_gamma,Prawn_1,circle_male,95.68866666666668,6.924890781328854,122.7036187199534,548.8348035666667,561.8910095651225,548.1725309396029,57.56133333333333,45.7925377773517,4.273502817751891,57.567,61.832,53.285,2.8862975130157467
full body:undistorted_GX010152_36_378.jpg_gamma,Prawn_0,square,113.76800000000001,9.854991070518533,106.5929170257388,832.6175376000001,890.3665563174453,864.3610998661266,73.51433333333334,83.52961727301732,5.7796498452184215,77.006,76.694,66.843,13.54097423965052
full body:undistorted_GX010152_36_378.jpg_gamma,Prawn_1,square,127.10966666666667,11.683382315636736,109.6691900242959,930.3551843333333,929.6036197121183,975.3990845285531,73.51433333333334,84.76433714028303,5.7796498452184215,77.006,76.694,66.843,38.10788631403017
full body:undistorted_GX010157_160_2259,Prawn_0,square,108.57766666666667,3.4126860877222995,96.66063332561447,818.1791636333334,810.821911107895,783.5259022883994,75.38533333333332,83.8833642209369,1.5108654252888754,75.472,76.851,73.833,10.308983176189217
full body:undistorted_GX010157_174_2582.jpg_gamma,Prawn_0,square,104.019,9.603664977496871,91.45104326277273,830.2616573666668,760.2978070600992,804.6862952312534,80.05533333333334,83.13713872847595,4.209844929844008,78.918,76.531,84.717,39.632135792845546
full body:undistorted_GX010157_177_2665.jpg_gamma,Prawn_0,square,113.90933333333334,14.641877076841396,103.052965043015,919.8450969333335,872.8860056906797,954.5236441798861,81.56266666666666,84.7026580289399,10.039276384945943,74.525,93.059,77.104,34.760683242591604
full body:undistorted_GX010161_54_676.jpg_gamma.jpg_gamma,Prawn_0,square,91.34933333333333,6.492187638487766,119.4881366421652,848.7797751666667,1045.1251474851,979.749038909072,93.10233333333333,87.46685460624164,4.948527289339053,91.214,98.717,89.376,35.066596250579025
full body:undistorted_GX010162_72_927.jpg_gamma.jpg_gamma,Prawn_0,square,111.56166666666667,2.1431043682782533,92.39915664387999,853.3627466666667,797.9458957511506,943.2834749774108,76.5,86.35856914003577,2.5714587299818756,76.4,73.98,79.12,29.807520345989744
full body:undistorted_GX010174_62_790.jpg_gamma,Prawn_0,square,111.73666666666668,4.798358087234984,124.6841861047966,1036.8450366666666,1185.055796898904,1094.347298814202,92.94866666666667,95.04459498198665,5.415545524998687,99.202,89.822,89.822,14.411115246114019
full body:undistorted_GX010175_266_3372.jpg_gamma.jpg_gamma,Prawn_0,square,121.90233333333333,1.1470332747280378,117.9186678090554,1059.7985001,1057.267100164271,1074.24225440628,86.92766666666667,89.66070596017025,2.5224353972566544,89.0,87.664,84.119,38.22778462319833
full body:undistorted_GX010177_232_3047,Prawn_0,square,146.26033333333336,18.314239878666363,119.4982657927304,1315.7244385333333,1070.925336157095,1323.456519216285,90.89266666666667,89.61848350289985,11.23472324240047,103.73,82.855,86.093,21.4162251562989
full body:undistorted_GX010178_172_3604.jpg_gamma,Prawn_0,square,152.67,12.824984483421412,132.0980283526407,1046.2332556333333,1001.344315087848,1048.903313015057,68.76266666666668,75.80312345122377,4.248442577384483,70.007,72.25,64.031,27.84770490272625
full body:undistorted_GX010183_37_685.jpg_gamma,Prawn_0,square,100.05366666666667,0.5685000732922841,91.6471011655283,721.7764877666665,695.2822664397846,692.7659796382901,72.141,75.86516732089555,0.693002164498782,71.449,72.835,72.139,4.486195834194599
full body:undistorted_GX010183_80_1633.jpg_gamma,Prawn_0,square,136.7506666666667,7.633867979820802,141.3177335673552,1084.7582071666668,1074.148564915343,1073.223771253512,79.44766666666668,76.00946730463802,3.4079026296731727,76.694,78.39,83.259,17.902044807302865
full body:undistorted_GX010183_128_2852.jpg_gamma,Prawn_0,square,134.55833333333334,5.093920134173031,127.250165811216,993.1647141333333,967.2019771740352,1001.864798426495,73.932,76.00791488232267,5.489129530262523,79.025,74.653,68.118,44.76352570500991
