meas_image_name,meas_prawn_id,meas_meas_1,meas_meas_2,meas_meas_3,meas_avg,meas_std,meas_dev_pct,meas_flag,meas_base_image_name,meas_camera_frame,meas_scale_factor,meas_scaled_meas_1,meas_scaled_meas_2,meas_scaled_meas_3,meas_scaled_avg,meas_measurement_type,meas_center_x,meas_center_y,length_Label,length_PrawnID,length_Avg_Length,length_Std_Length,length_Uncertainty,length_Length_1,length_Length_2,length_Length_3,length_BoundingBox_1,length_BoundingBox_2,length_BoundingBox_3,length_Angle_1,length_Angle_2,length_Angle_3,length_Scale_1,length_Scale_2,length_Scale_3,length_Global_Uncertainty,length_Length_ground_truth_annotation(mm),length_Length_ground_truth_annotation_pixels,length_pred_Distance_pixels,length_combined_scale,length_combined_scale_ground,length_id,length_Length_fov(mm),length_Height(mm),length_focal_RealLength(cm),length_Length_1_pixels,length_Length_2_pixels,length_Length_3_pixels,length_Pond_Type,length_Euclidean_Distance,length_MPError_fov_min,length_MPError_fov_max,length_MPError_fov_median,length_AbsError_fov_min,length_AbsError_fov_max,length_AbsError_fov_median,length_AbsError_focal_min,length_AbsError_focal_max,length_AbsError_focal_median,length_MPError_focal_min,length_MPError_focal_max,length_MPError_focal_median,length_Error_distance_mm_ground_min,length_Error_distance_mm_ground_max,length_Error_distance_mm_ground_median,length_Error_percentage_distance_mm_ground_min,length_Error_percentage_distance_mm_ground_max,length_Error_percentage_distance_mm_ground_median,length_pose_eval_iou,length_camera_frame,match_type,center_in_any_bbox,distance_to_nearest_bbox,nearest_bbox_column
undistorted_GX010067_33_625.jpg_gamma_obj3_cropped0.0593677_0.723095,1.jpg,571.5916,571.5453,576.0295,571.5685,0.8,OK,,undistorted_GX010067_33_625.jpg_gamma,undistorted_GX010067_33_625,0.18432500184325,105.35862272358622,105.35008847600088,106.17663864926638,105.35436481604364,total,0.0593677,0.723095,full body:undistorted_GX010067_33_625.jpg_gamma,Prawn_3,89.831,6.375611238670902,3.680960864895049,91.177,81.437,96.879,"(64.00208110000001, 2123.9857835, 528.996199, 52.99854120000001)","(75.9985824, 2136.0058304, 505.0022432, 29.0023136)","(75.9991319, 2128.0084538, 529.0017885, 33.0008444)",5.625,3.18,3.468,58.189,61.984,54.601,1.230960202536279,97.03797467389488,514.9316657389987,491.6732916785696,0.1883902251784392,0.1884482565946529,67ee457267583908e8ad2e82,92.62644213355016,650.0,92.6757612924843,530.5498453,504.7791008,528.9690279,right,491.6732916785696,13.73999795369446,4.389555906285003,1.589701496594732,11.18944213355016,4.252557866449848,1.449442133550178,11.2387612924843,4.203238707515709,1.498761292484318,13.80055907325208,4.338647908747725,1.643793163280562,15.60097467389488,0.1589746738948747,5.860974673894901,19.15710877598006,0.1640961136003414,6.428128446751816,0.9677671464025964,undistorted_GX010067_33_625,spatial_match,True,0.0,length_BoundingBox_1
undistorted_GX010067_33_625.jpg_gamma_obj2_cropped0.730074_0.668993,1.jpg,623.2439,612.2777,619.7322,617.7608,0.3,OK,,undistorted_GX010067_33_625.jpg_gamma,undistorted_GX010067_33_625,0.18432500184325,114.87943301629434,112.85808818108087,114.2321389073214,113.8687605986876,total,0.730074,0.668993,full body:undistorted_GX010067_33_625.jpg_gamma,Prawn_1,93.004,5.378577197239685,3.105322992683515,88.142,90.369,100.501,"(3727.9772063, 1827.9899783, 340.9991778, 384.9958807)","(3652.0105024, 1768.0068224, 388.9991872000001, 405.003456)","(3668.0132785, 1784.0057735, 393.0016177, 385.0025712)",131.522,133.843,135.591,58.189,61.984,54.601,1.230960202536279,99.0065659640064,531.465366737147,551.0397602452871,0.1864144745214689,0.186289779467367,67ee457267583908e8ad2e80,102.7217873465614,650.0,103.8657786531663,512.8894838,560.1432096000001,548.7455101,right,551.0397602452871,16.54124860629597,2.209716666064398,13.66927524545075,14.57978734656139,2.22078734656138,12.35278734656139,15.72377865316633,3.364778653166326,13.49677865316633,17.83914439559612,3.348005147377962,14.93518646124924,10.86456596400642,1.494434035993592,8.637565964006413,12.32620766944977,1.48698424492651,9.55810727573218,0.996506201116221,undistorted_GX010067_33_625,spatial_match,True,0.0,length_BoundingBox_1
undistorted_GX010068_26_666.jpg_gamma_obj2_cropped0.644743_0.8728269999999999,1.jpg,756.1911,764.0157,760.6083,760.1034,0.1,OK,,undistorted_GX010068_26_666.jpg_gamma,undistorted_GX010068_26_666,0.1906759462293831,144.18745352273808,145.67941653160452,145.02970731242252,144.9334350271713,total,0.644743,0.8728269999999999,full body:undistorted_GX010068_26_666.jpg_gamma,Prawn_1,115.2496666666667,5.835320061678036,3.369023608417438,115.609,122.21,107.93,"(2751.99905, 1783.998469, 285.0011142, 536.9992274)","(2728.0070836, 1724.004772, 297.0029888, 597.0008376)","(2711.982043, 1731.9919528, 316.9982572, 584.9942414)",117.917,116.411,118.418,52.469,54.452,61.522,1.230960202536279,130.6898153075673,704.9798116559157,699.8220412950885,0.1854659489484765,0.1853809331086973,67ee457467583908e8ad315a,129.7931589838535,650.0,131.9098302550925,606.5888621,665.4578919999999,664.0069460000001,right,699.8220412950885,20.25679513004121,6.20502330730177,12.2690785179817,21.86315898385348,7.583158983853494,14.18415898385346,23.97983025509251,9.699830255092522,16.30083025509249,22.21794705373159,7.937018456012209,14.09996648625322,22.75981530756729,8.479815307567307,15.08081530756728,21.08757093261122,6.938724578649298,13.04467239364347,0.9965809163754882,undistorted_GX010068_26_666,spatial_match,False,482.515418911508,length_BoundingBox_1
undistorted_GX010069_19_191.jpg_gamma_obj2_cropped0.680402_0.8831689999999999,1.jpg,728.1566,735.2911,735.3707,731.7238,0.5,OK,,undistorted_GX010069_19_191.jpg_gamma,undistorted_GX010069_19_191,0.1793593284786741,130.60167880331457,131.88131793234567,131.89559493489256,131.24148939986367,total,0.680402,0.8831689999999999,full body:undistorted_GX010069_19_191.jpg_gamma,Prawn_3,112.2163333333333,1.812010362982385,1.046164670842272,114.768,111.145,110.736,"(3295.9975668, 2639.99682, 645.0000556, 60.9997344)","(3303.9848842, 2631.9879586, 652.9976452999999, 77.0011242)","(3275.995455, 2621.9962257, 684.9966927, 78.9981483)",-5.323,-6.649,-6.506,56.356,59.059,62.169,1.230960202536279,123.5570847433709,655.6998929707786,627.0923885994426,0.1884349272929344,0.188435420026639,67ee457367583908e8ad3011,118.1661086516886,650.0,118.2009791822679,646.7865408,656.4112554999999,688.4346383999999,right,627.0923885994426,6.709749902189492,2.960850282037292,6.317071079840344,7.430108651688556,3.39810865168856,7.02110865168855,7.464979182267896,3.4329791822679,7.05597918226789,6.741239689231953,2.991233777941499,6.348444988319662,12.82108474337088,8.789084743370879,12.41208474337087,11.57806381246467,7.658131834109576,11.16747019062564,0.9878043117933896,undistorted_GX010069_19_191,spatial_match,True,0.0,length_BoundingBox_2
undistorted_GX010073_42_695.jpg_gamma_obj2_cropped0.10033300000000002_0.0908068,1.jpg,521.0461,517.6534,525.1019,519.3497,1.1,OK,,undistorted_GX010073_42_695.jpg_gamma,undistorted_GX010073_42_695,0.1969201685636643,102.60448584143988,101.93639478555394,103.4031546611004,102.27043046748848,total,0.100333,0.0908068,full body:undistorted_GX010073_42_695.jpg_gamma,Prawn_0,79.95300000000002,2.423079995928048,1.398965887917056,79.988,82.903,76.968,"(504.00078, 15.998199, 5.000999999999999, 401.0001839999999)","(499.9990797, 15.9991887, 25.0019661, 476.9977307999999)","(499.996626, 12.0006117, 16.9994235, 444.9981516)",-89.427,-87.114,-92.064,50.01,57.489,57.723,1.230960202536279,94.0245259135875,509.1271184451384,721.1792805519138,0.1866585727413012,0.1846778977335485,67ee457267583908e8ad2efe,134.6142951984186,650.0,135.9354676869626,400.019988,476.6010567,444.2823864,right,721.1792805519138,74.89644423451126,62.37566215748359,68.293112964968,57.64629519841863,51.71129519841863,54.62629519841862,58.96746768696256,53.03246768696256,55.94746768696255,76.61296602089513,63.96929868275281,69.94482633265308,17.05652591358749,11.12152591358749,14.03652591358748,22.16054193117593,13.4151067073417,17.54828963542966,0.5090332453270484,undistorted_GX010073_42_695,spatial_match,False,7.967850200000157,length_BoundingBox_2
undistorted_GX010073_55_1014.jpg_gamma_obj2_cropped0.577343_0.508345,1.jpg,623.5543,641.2488,636.4542,632.4016,0.6,OK,,undistorted_GX010073_55_1014.jpg_gamma,undistorted_GX010073_55_1014,0.1737830839546078,108.36318926715674,111.43819404619154,110.6049736718628,109.90070034582835,total,0.577343,0.508345,full body:undistorted_GX010073_55_1014.jpg_gamma,Prawn_1,108.8563333333333,2.952291915708127,1.704506532260443,112.917,107.667,105.985,"(2759.995058, 1511.9982188, 600.998017, 41.0002546)","(2763.979818, 1515.9875346, 600.9931788, 20.9984628)","(2759.993422, 1511.992968, 604.99832, 44.99775)",3.814,1.909,4.167,53.254,55.758,57.14,1.230960202536279,115.0065634375614,610.2663394354464,614.6577635093324,0.1884209897907741,0.1884530671377898,67ee457167583908e8ad2e30,115.814424183012,650.0,115.8571700591847,601.3281918,600.3296586,605.59829,right,614.6577635093324,9.274354090684485,2.565976941480866,7.567243615046346,9.829424183011952,2.89742418301195,8.14742418301195,9.872170059184668,2.940170059184666,8.190170059184666,9.31468609631992,2.603832956228616,7.606945544302958,9.021563437561426,2.089563437561424,7.339563437561424,8.512113447715643,1.850530422842817,6.816910880363921,0.9787007486915552,undistorted_GX010073_55_1014,spatial_match,True,0.0,length_BoundingBox_1
undistorted_GX010077_14_237.jpg_gamma_obj2_cropped0.369629_0.12261,1.jpg,498.3423,502.2211,507.5047,500.2817,1.4,OK,,undistorted_GX010077_14_237.jpg_gamma,undistorted_GX010077_14_237,0.1703751661157869,84.90515214502334,85.56600333935324,86.46619756704263,85.2355777421883,total,0.369629,0.12261,full body:undistorted_GX010077_14_237.jpg_gamma,Prawn_0,75.62400000000001,2.844911363587038,1.642510341587602,79.583,74.265,73.024,"(1859.9895468, 161.9968488, 186.9988386, 342.9983406)","(1888.0107041, 164.0025813, 165.0024987, 365.0021064)","(1871.98596, 167.99874, 196.9971432, 352.9959732)",-61.46,-65.746,-60.89,48.918,53.759,55.172,1.230960202536279,70.81532770046964,381.9356640200285,475.9868599521351,0.1853493641972769,0.1854116658159373,67ee457367583908e8ad303e,88.2238618583865,650.0,89.7190174001187,389.3041194,399.2412135,402.8880128,right,475.9868599521351,20.81488532316293,10.85767294319955,18.79601677558269,15.1998618583865,8.6408618583865,13.95886185838648,16.6950174001187,10.1360174001187,15.45401740011869,22.86237045371207,12.73641028877864,20.80928755149624,2.208672299530363,8.76767229953036,3.449672299530377,3.024584108690791,11.01701657330128,4.645084898041307,0.9768484851537578,undistorted_GX010077_14_237,spatial_match,True,0.0,length_BoundingBox_1
undistorted_GX010080_157_2283.jpg_gamma_obj2_cropped0.235209_0.123212,1.jpg,752.0007,767.4907,752.4307,759.7457,1.0,OK,,undistorted_GX010080_157_2283.jpg_gamma,undistorted_GX010080_157_2283,0.1741796140179753,130.98319166724727,133.6812338883857,131.058088901275,132.3322127778165,total,0.235209,0.123212,full body:undistorted_GX010080_157_2283.jpg_gamma,Prawn_0,106.3263333333333,1.989812944865808,1.148819039355276,105.483,104.423,109.073,"(1020.0053664, 36.001152, 437.0048927999999, 573.0046991999999)","(1024.0033258, 40.0004542, 437.0025408, 576.9972124)","(1003.9996967, 36.0015656, 457.0012447, 573.0003279)",52.684,52.876,51.438,68.184,69.181,67.067,1.230960202536279,129.4857491283032,696.507572109916,765.0252001723981,0.1860686140085039,0.1859071664304448,67ee457367583908e8ad2fdc,142.3471786776564,650.0,144.2000084890973,719.2252872,722.4087563,731.5198890999999,right,765.0252001723981,36.31784058843012,30.50633857843499,34.94798088569381,37.92417867765639,33.27417867765639,36.8641786776564,39.77700848909734,35.12700848909735,38.71700848909735,38.09219088620068,32.20504477652339,36.70450071489942,25.06274912830318,20.41274912830319,24.00274912830319,24.00117706664545,18.71475904055375,22.75508767128655,0.9979802926784668,undistorted_GX010080_157_2283,spatial_match,True,0.0,length_BoundingBox_1
undistorted_GX010080_193_2640.jpg_gamma_obj3_cropped0.970145_0.215488,1.jpg,706.9597,718.2674,712.2977,712.6135,0.0,OK,,undistorted_GX010080_193_2640.jpg_gamma,undistorted_GX010080_193_2640,0.1892828074425999,133.81531676477826,135.95566996649694,134.82570839090684,134.88548390149722,total,0.970145,0.215488,full body:undistorted_GX010080_193_2640.jpg_gamma,Prawn_2,114.6996666666667,4.06036175180926,2.344250950414337,111.425,112.252,120.422,"(5123.978808999999, 315.9993494, 132.9990024, 676.9992908)","(5135.9788218, 308.0012244, 112.9978393, 696.9968985)","(5116.0104114, 307.9980882, 124.9985916, 700.999233)",-101.049,-99.142,-100.045,61.814,62.801,59.034,1.230960202536279,132.0614605788624,714.4964727270877,671.6648637382038,0.1847923573725425,0.184831508089621,67ee457367583908e8ad30a2,124.1185335344902,650.0,126.6024688220093,688.762495,704.9537852,710.8992347999999,right,671.6648637382038,11.39199778729211,3.069649677376417,10.57133372633917,12.69353353449023,3.696533534490229,11.86653353449024,15.17746882200926,6.18046882200926,14.35046882200928,13.62124193135227,5.132341949153195,12.78415424403064,20.63646057886238,11.63946057886238,19.8094605788624,18.52049412507282,9.665559929964942,17.64731192215943,0.9863396906234456,undistorted_GX010080_193_2640,spatial_match,True,0.0,length_BoundingBox_1
undistorted_GX010080_193_2640.jpg_gamma_obj2_cropped0.610808_0.498642,1.jpg,662.6749,668.8617,656.4998,665.7683,1.4,OK,,undistorted_GX010080_193_2640.jpg_gamma,undistorted_GX010080_193_2640,0.1892828074425999,125.4329654937442,126.60402036683008,124.2641252295054,126.01849293028712,total,0.610808,0.498642,full body:undistorted_GX010080_193_2640.jpg_gamma,Prawn_3,107.973,4.731109595010455,2.731507398244908,106.109,103.34,114.47,"(2947.9900182, 1339.9977106, 568.99787, 328.9988336)","(2959.9869728, 1347.9920645, 560.9950528999999, 328.9955987)","(2956.0035786, 1344.0034644, 585.0033264, 340.9980942)",149.995,149.642,149.792,61.814,62.801,59.034,1.230960202536279,126.774341741643,676.4820387602473,682.0591551184478,0.1872754575160152,0.1874023765272106,67ee457367583908e8ad309c,127.7329403277941,650.0,128.5616943546212,655.9021726,648.985534,675.762198,right,682.0591551184478,23.60454841087097,11.58638973337474,20.37898795370241,24.39294032779407,13.26294032779407,21.62394032779409,25.22169435462121,14.09169435462121,22.45269435462123,24.4065166969433,12.31038206920696,21.16002823004763,23.43434174164297,12.30434174164297,20.66534174164299,22.67693220596378,10.74896631575345,19.47557864238,0.9939268760549412,undistorted_GX010080_193_2640,spatial_match,True,0.0,length_BoundingBox_1
undistorted_GX010080_193_2640.jpg_gamma_obj7_cropped0.281944_0.396994,1.jpg,526.6166,529.9972,533.3414,528.3069,1.0,OK,,undistorted_GX010080_193_2640.jpg_gamma,undistorted_GX010080_193_2640,0.1892828074425999,99.67946849387668,100.31935795271716,100.95235751736668,99.99941322329693,total,0.281944,0.396994,full body:undistorted_GX010080_193_2640.jpg_gamma,Prawn_0,120.7773333333333,2.849921909261534,1.645403181481559,118.829,118.696,124.807,"(1359.9945396, 295.996339, 480.9994596, 556.9997725999999)","(1351.9924882, 295.9999533, 493.0004102, 560.9950528999999)","(1360.0016784, 304.0014864, 489.0022356, 553.000995)",49.196,48.698,48.521,61.814,62.801,59.034,1.230960202536279,136.1432772066256,730.6055934706905,753.1987144986689,0.1865007417878428,0.1863430535206917,67ee457367583908e8ad309a,140.4721189676514,650.0,141.9708278893424,734.5295805999999,745.4227496000001,736.7856438,right,753.1987144986689,18.34612705369296,12.55147465098223,18.21366751184593,21.7761189676514,15.6651189676514,21.6431189676514,23.27482788934245,17.16382788934244,23.14182788934245,19.60877189571885,13.75229585627605,19.47489913181332,17.44727720662556,11.33627720662555,17.31427720662556,14.69912819861289,9.083045988306388,14.57075057993046,0.9979895607844133,undistorted_GX010080_193_2640,spatial_match,False,329.21559060000016,length_BoundingBox_3
undistorted_GX010080_237_3366.jpg_gamma_obj3_cropped0.734297_0.565961,1.jpg,899.327,905.0006,911.1581,902.1638,1.0,OK,,undistorted_GX010080_237_3366.jpg_gamma,undistorted_GX010080_237_3366,0.1863307743906984,167.57229634046362,168.62946262204667,169.7767943653574,168.10087948125516,total,0.734297,0.565961,full body:undistorted_GX010080_237_3366.jpg_gamma,Prawn_3,120.0946666666667,6.574095696156412,3.795555919854265,111.064,126.524,122.696,"(3323.9791836, 797.9946557999999, 492.9969993, 450.9979125)","(3292.0084934, 796.0009024, 536.999232, 485.000263)","(3307.980082, 807.9955216, 532.9967631, 456.9987675)",-137.553,-137.918,-139.399,60.033,57.079,57.107,1.230960202536279,124.6409328908783,667.5402517683036,664.1016851751501,0.1869194811478042,0.1867167299061089,67ee457367583908e8ad305f,124.1335424223215,650.0,125.1768812560688,666.7505112,722.1863396,700.6800472,right,664.1016851751501,11.76757763300572,1.88933133451245,1.171629411163747,13.06954242232148,2.390457577678532,1.437542422321471,14.11288125606877,1.347118743931233,2.48088125606877,12.70698089035941,1.06471400203221,2.02197403017928,13.57693289087831,1.883067109121697,1.944932890878306,12.22442275703947,1.48830823331676,1.585164056593781,0.9982274887165878,undistorted_GX010080_237_3366,spatial_match,False,416.29011227842653,length_BoundingBox_2
undistorted_GX010080_237_3366.jpg_gamma_obj4_cropped0.278897_0.164793,1.jpg,787.5532,772.8182,782.6238,780.1857,0.3,OK,,undistorted_GX010080_237_3366.jpg_gamma,undistorted_GX010080_237_3366,0.1863307743906984,146.74539762987257,143.99981366922563,145.82689871059105,145.3726056495491,total,0.278897,0.164793,full body:undistorted_GX010080_237_3366.jpg_gamma,Prawn_0,129.9393333333333,2.747245934062363,1.58612317956101,126.555,133.284,129.979,"(1295.992404, 119.9999637, 318.9973521, 690.9978399)","(1276.001045, 156.0026149, 393.0003308, 653.0008837)","(1295.9919687, 159.9966819, 376.9975712, 640.9975215000001)",65.256,58.985,59.566,60.033,57.079,57.107,1.230960202536279,140.6677737793741,757.9101178773773,822.0823402968391,0.1857655446125433,0.1855995459901392,67ee457367583908e8ad3063,152.7145736615965,650.0,154.9547392985582,759.7476315000001,760.7717436,742.2710753,right,822.0823402968391,20.67051768922325,14.57832422616105,17.49172840350865,26.15957366159648,19.4305736615965,22.7355736615965,28.39973929855816,21.67073929855817,24.97573929855818,22.4406300016263,16.25907032994071,19.21521114838411,14.11277377937409,7.38377377937411,10.68877377937412,11.15149443275579,5.539880090163943,8.223462081854851,0.9977591438316404,undistorted_GX010080_237_3366,spatial_match,True,0.0,length_BoundingBox_1
undistorted_GX010080_237_3366.jpg_gamma_obj2_cropped0.536768_0.147128,1.jpg,858.5389,861.5916,855.4841,860.0652,0.5,OK,,undistorted_GX010080_237_3366.jpg_gamma,undistorted_GX010080_237_3366,0.1863307743906984,159.9722180815384,160.54103003652085,159.40301483192965,160.25661474249088,total,0.536768,0.147128,full body:undistorted_GX010080_237_3366.jpg_gamma,Prawn_1,132.354,5.361077690166401,3.095219647564069,124.775,135.968,136.319,"(2555.9890212, 179.9969439, 570.9978762000001, 486.9997026)","(2552.00209, 208.0015839, 628.9991642, 457.0030135)","(2551.9861946, 191.9994447, 616.9954494, 476.9976389)",40.452,35.984,37.694,60.033,57.079,57.107,1.230960202536279,154.7893645889468,828.0045532795153,816.3202737742993,0.1868340866680445,0.1869426490178895,67ee457367583908e8ad3061,152.5164527792293,650.0,153.868644302893,749.0617575,776.0917471999999,778.4769132999999,right,816.3202737742993,22.23318195089502,11.88202141977955,12.17084371265975,27.74145277922926,16.19745277922928,16.54845277922922,29.09364430289298,17.549644302893,17.90064430289294,23.31688583682066,12.87395322947865,13.16533618417049,30.01436458894682,18.47036458894684,18.82136458894678,24.05479029368609,13.54936919207655,13.84249572616114,0.9992579785509602,undistorted_GX010080_237_3366,spatial_match,True,0.0,length_BoundingBox_1
undistorted_GX010080_238_3392.jpg_gamma_obj3_cropped0.267366_0.374916,1.jpg,734.4032,739.6999,737.0427,737.0515,0.0,OK,,undistorted_GX010080_238_3392.jpg_gamma,undistorted_GX010080_238_3392,0.1806717375200997,132.68590218432132,133.64286617644402,133.16278523550562,133.1643751467958,total,0.267366,0.374916,full body:undistorted_GX010080_238_3392.jpg_gamma,Prawn_0,121.3773333333333,6.697369848596461,3.86672828494965,121.858,112.945,129.329,"(1223.9996175, 785.999335, 318.996755, 619.000855)","(1206.0101097, 804.0067398000001, 343.0029834, 613.0019115)","(1216.009218, 780.0043092000001, 341.0014744, 641.0014076)",62.771,60.803,62.021,57.035,62.073,56.036,1.230960202536279,135.6354014758762,731.078253091104,759.011275129876,0.1857224075721376,0.1855278841935049,67ee457467583908e8ad317d,140.9654013915187,650.0,143.0664405465132,695.0171029999999,701.0834984999999,724.7079844000001,right,759.011275129876,24.80889051442623,8.997519034028477,15.68005497506827,28.0204013915187,11.63640139151869,19.10740139151869,30.12144054651318,13.73744054651317,21.20844054651317,26.66912262296976,10.6220882760349,17.40422503775967,22.69040147587623,6.306401475876214,13.77740147587622,20.08977951735467,4.876246994777826,11.30611160192701,0.997806261911608,undistorted_GX010080_238_3392,spatial_match,True,0.0,length_BoundingBox_1
undistorted_GX010080_238_3392.jpg_gamma_obj2_cropped0.769997_0.339013,1.jpg,614.044,620.3781,617.256,617.211,0.0,OK,,undistorted_GX010080_238_3392.jpg_gamma,undistorted_GX010080_238_3392,0.1806717375200997,110.94039639379211,112.0847892464182,111.52071401470668,111.51258378651828,total,0.769997,0.339013,full body:undistorted_GX010080_238_3392.jpg_gamma,Prawn_2,101.8463333333333,4.122415580969755,2.380077745384396,98.825,99.039,107.675,"(3959.997085, 725.998515, 241.0013925, 510.999379)","(3942.0265599, 714.0070971, 258.9995925, 559.0046088)","(3944.0210132, 744.0011792, 293.0010368, 529.0022544)",-115.201,-114.814,-118.944,57.035,62.073,56.036,1.230960202536279,109.6038671323438,591.1896776259968,597.9272133442029,0.1854993164099971,0.1853954344610229,67ee457467583908e8ad317b,110.9150893382841,650.0,112.7036197247705,563.6483875,614.7647847000001,603.36763,right,597.9272133442029,12.233836922119,3.009137997013335,11.99132598096114,12.0900893382841,3.240089338284108,11.8760893382841,13.87861972477049,5.028619724770493,13.66461972477049,14.04363240553553,4.670183166724396,13.7972109217283,10.77886713234375,1.928867132343754,10.56486713234375,10.9070246722426,1.79137880877061,10.66738066049107,0.9979579926694004,undistorted_GX010080_238_3392,spatial_match,True,0.0,length_BoundingBox_1
undistorted_GX010080_238_3392.jpg_gamma_obj7_cropped0.7308_0.776331,1.jpg,839.869,820.3566,834.5945,830.1128,0.5,OK,,undistorted_GX010080_238_3392.jpg_gamma,undistorted_GX010080_238_3392,0.1806717375200997,151.74059151926866,148.21525230808146,150.78763843971888,149.97792191367506,total,0.7308,0.776331,full body:undistorted_GX010080_238_3392.jpg_gamma,Prawn_3,126.3796666666667,7.158023578862784,4.132686840122116,129.051,116.588,133.5,"(2903.99406, 1649.999736, 559.000035, 480.998969)","(2928.0206538, 1650.0120714, 553.0021497, 469.0049661)","(2904.0152676, 1636.0102452, 561.004414, 497.0000948)",-139.297,-139.708,-138.468,57.035,62.073,56.036,1.230960202536279,137.8691828216165,738.0346479504742,736.9374343239008,0.1869939037286878,0.1868058406261547,67ee457467583908e8ad3177,137.8028076480297,650.0,138.9057305059925,736.0423784999999,723.6966924,748.0806,right,736.9374343239008,18.19639040727151,3.223076889909886,6.781665890252421,21.2148076480297,4.302807648029699,8.751807648029654,22.31773050599253,5.405730505992523,9.854730505992478,19.14239073145824,4.049236334076796,7.636306968556986,21.28118282161651,4.369182821616505,8.81818282161646,18.2533218012287,3.272796121061052,6.83309917909699,0.9991591186081592,undistorted_GX010080_238_3392,spatial_match,False,448.39139460385775,length_BoundingBox_2
undistorted_GX010082_236_3137.jpg_gamma_obj2_cropped0.05702410000000001_0.264227,1.jpg,526.4466,516.4,513.4832,521.4233,1.5,OK,,undistorted_GX010082_236_3137.jpg_gamma,undistorted_GX010082_236_3137,0.1922892029612537,101.22999711566196,99.29814440919142,98.73727526199404,100.2640707624267,total,0.0570241,0.264227,full body:undistorted_GX010082_236_3137.jpg_gamma,Prawn_0,67.466,3.219272381558708,1.858647776087648,68.78,63.034,70.584,"(84.0022176, 775.9971807, 437.0009433, 33.0008712)","(80.00016300000001, 779.9998248, 445.0013478, 29.0005002)","(75.9992247, 780.0073341, 445.0056822, 41.0028228)",-4.198,-3.608,-5.148,63.561,70.578,63.159,1.230960202536279,81.14682920502048,430.5695219198405,471.2662301882476,0.188433873966446,0.1884639415330648,67ee457467583908e8ad3128,88.8025214239344,650.0,88.82922337519891,437.172558,444.8813652,445.8014856,right,471.2662301882476,40.88035254614081,25.81112068448145,29.11096455936957,25.76852142393439,18.21852142393439,20.02252142393439,25.79522337519891,18.2452233751989,20.04922337519891,40.92271373417348,25.84895071857489,29.14978682058579,18.11282920502048,10.56282920502048,12.36682920502048,28.73501476190704,14.96490593480176,17.98026927162035,0.9306791266711748,undistorted_GX010082_236_3137,spatial_match,True,0.0,length_BoundingBox_1
undistorted_GX010082_53_796.jpg_gamma_obj2_cropped0.7874280000000001_0.593423,1.jpg,447.8661,438.3081,442.3302,443.0871,0.2,OK,,undistorted_GX010082_53_796.jpg_gamma,undistorted_GX010082_53_796,0.1973515423023031,88.3870655799175,86.5007795385921,87.29454717688618,87.4439225592548,total,0.7874280000000001,0.593423,full body:undistorted_GX010082_53_796.jpg_gamma,Prawn_1,143.8303333333333,10.5034418591664,6.064164984807305,130.899,156.626,143.966,"(3427.9782281, 1179.995339, 800.9953929, 204.9996713)","(3436.0254742, 1204.0063824, 793.0067854, 201.001516)","(3428.0005, 1200.002, 809.002, 180.9985)",165.694,165.828,167.441,63.071,52.154,57.5,1.230960202536279,154.6447166068512,821.7801699032714,806.9362222995998,0.1883047406389122,0.1881825849181221,67ee457267583908e8ad2ea9,151.9499160522697,650.0,152.0998394295256,825.5930828999999,816.8672404000001,827.8045,right,806.9362222995998,16.08180051205108,2.985509396735065,5.54569554774722,21.05091605226974,4.676083947730262,7.983916052269763,21.20083942952559,4.526160570474417,8.133839429525608,16.19633414275555,2.889788777389716,5.649833592324304,23.7457166068512,1.9812833931488,10.67871660685122,18.14048740391539,1.264977330167916,7.417526781914637,0.9944481570932552,undistorted_GX010082_53_796,spatial_match,False,368.1400256000002,length_BoundingBox_2
undistorted_GX010082_65_1070.jpg_gamma_obj2_cropped0.700407_0.878715,1.jpg,754.0,753.0106,742.033,753.5053,1.5,OK,,undistorted_GX010082_65_1070.jpg_gamma,undistorted_GX010082_65_1070,0.1886756853644271,142.26146676477805,142.07479104167848,140.00358483802194,142.16812890322825,total,0.700407,0.878715,full body:undistorted_GX010082_65_1070.jpg_gamma,Prawn_2,116.8093333333333,2.649782422933793,1.529852595174765,113.697,116.558,120.173,"(3359.997, 2611.998, 705.002, 37.0016)","(3359.9712744, 2623.980424, 728.9966528, 29.001856)","(3355.998, 2620.0022, 744.9982, 41.00060000000001)",-2.927,-2.203,-3.077,62.0,62.504,62.0,1.230960202536279,133.3677836372026,707.647536688492,719.5395250702007,0.1884666099365973,0.1884663998991794,67ee457567583908e8ad32bf,135.60917500537,650.0,135.6263893006169,704.9214,728.5341232,745.0726000000001,right,719.5395250702007,19.27243023595168,12.84496101900592,16.34480259216012,21.91217500536999,15.43617500536999,19.05117500537,21.92938930061689,15.45338930061689,19.0683893006169,19.28757073679771,12.85928561375425,16.35957145851585,19.67078363720256,13.19478363720256,16.80978363720257,17.30105775631948,10.97982378504536,14.42181886889152,0.9283849504387304,undistorted_GX010082_65_1070,spatial_match,True,0.0,length_BoundingBox_1
undistorted_GX010082_8_59.jpg_gamma_obj3_cropped0.320508_0.590259,1.jpg,608.7076,606.0008,593.2529,607.3542,2.3,OK,,undistorted_GX010082_8_59.jpg_gamma,undistorted_GX010082_8_59,0.1918796530815872,116.79860311612558,116.27922327116434,113.83316064164556,116.53891319364496,total,0.320508,0.590259,full body:undistorted_GX010082_8_59.jpg_gamma,Prawn_4,94.914,6.85051136777394,3.955144582270876,86.257,103.009,95.476,"(1383.997446, 1736.0012772, 533.0006154, 89.0011818)","(1398.0038936, 1728.0034648, 547.003096, 114.9995224)","(1384.0051742, 1720.0018715, 548.9996633000001, 105.0000633)",9.392,11.793,10.746,62.514,54.148,58.421,1.230960202536279,115.8861695437022,615.1084615374929,639.2556928371579,0.188265171225801,0.1883995698157675,67ee457367583908e8ad30e6,120.3495824690556,650.0,120.4936468930031,539.2270098000001,557.7731332000001,557.7803396,right,639.2556928371579,39.52442406883566,16.83404602418778,26.05218323877789,34.09258246905559,17.34058246905559,24.87358246905558,34.23664689300313,17.48464689300313,25.01764689300312,39.69144172995018,16.97390217651189,26.20307395890393,29.62916954370222,12.87716954370222,20.41016954370221,34.34987252478317,12.50101403149455,21.37727758148876,0.9888233213655744,undistorted_GX010082_8_59,spatial_match,True,0.0,length_BoundingBox_1
undistorted_GX010082_8_59.jpg_gamma_obj4_cropped0.367919_0.134287,1.jpg,764.7692,746.6217,760.5314,755.6955,0.6,OK,,undistorted_GX010082_8_59.jpg_gamma,undistorted_GX010082_8_59,0.1918796530815872,146.743648783483,143.26151277918493,145.93050118965385,145.00259037531663,total,0.367919,0.134287,full body:undistorted_GX010082_8_59.jpg_gamma,Prawn_1,135.7673333333333,7.132853581998041,4.118154935656755,127.911,145.175,134.216,"(2163.9971268, 148.001895, 604.9979892000001, 524.9988234)","(2130.003631600001, 216.0017868, 637.0024868, 462.9978888000001)","(2148.0058017, 184.0027816, 605.0020339, 501.0009697)",40.943,35.995,39.618,62.514,54.148,58.421,1.230960202536279,141.9414812542173,759.272173952114,768.4743900978524,0.1870611892334099,0.186944136929703,67ee457367583908e8ad30e2,143.7517333071236,650.0,144.8501481399467,799.6228254,786.0935900000002,784.1032936,right,768.4743900978524,12.38418377397067,0.9803800192019162,7.104766426598633,15.84073330712363,1.423266692876382,9.53573330712362,16.9391481399467,0.3248518600533146,10.63414813994669,13.24291745037307,0.2237657034980641,7.923159787168957,14.03048125421725,3.23351874578276,7.725481254217243,10.96894032117429,2.227324777532468,5.756006179752967,0.9982328061835144,undistorted_GX010082_8_59,spatial_match,False,175.617903600001,length_BoundingBox_2
undistorted_GX010082_8_59.jpg_gamma_obj2_cropped0.755945_0.47075700000000004,1.jpg,746.0965,751.3641,744.5079,748.7303,0.6,OK,,undistorted_GX010082_8_59.jpg_gamma,undistorted_GX010082_8_59,0.1918796530815872,143.16073758538647,144.17148284595902,142.85591756850104,143.66611021567277,total,0.755945,0.470757,full body:undistorted_GX010082_8_59.jpg_gamma,Prawn_3,119.8393333333333,11.32565101391036,6.538867661628908,107.057,134.589,117.872,"(3936.0002166, 1068.0016788, 253.0004094, 621.0015731999999)","(3894.0046868, 1080.0035192, 282.9991072, 673.0000772000001)","(3936.0097172, 1064.0041467, 264.997656, 636.9992156000001)",-112.119,-112.765,-112.543,62.514,54.148,58.421,1.230960202536279,127.0474937402216,685.157495236774,814.0420931212242,0.1851378324471559,0.1854281601288139,67ee457367583908e8ad30e8,150.7099886412093,650.0,153.4392288150906,669.2561298,728.7725172,688.6200111999999,right,814.0420931212242,40.77546413705716,11.97793923813186,27.85902389134763,43.65298864120929,16.12098864120929,32.83798864120928,46.38222881509064,18.85022881509065,35.56722881509063,43.32479783208071,14.00577225114285,30.17445094262473,19.99049374022157,7.54150625977843,9.175493740221556,18.67275726035809,5.603360051548366,7.784286124119006,0.9806666088676654,undistorted_GX010082_8_59,spatial_match,True,0.0,length_BoundingBox_1
undistorted_GX010084_130_1748.jpg_gamma_obj3_cropped0.731519_0.587507,1.jpg,840.8091,832.7353,835.4639,836.7722,0.2,OK,,undistorted_GX010084_130_1748.jpg_gamma,undistorted_GX010084_130_1748,0.1822157434402332,153.2086552478134,151.73748177842566,152.23467565597667,152.47306851311953,total,0.731519,0.587507,full body:undistorted_GX010084_130_1748.jpg_gamma,Prawn_2,135.8903333333333,22.53807001990681,13.01236079300783,148.695,104.21,154.766,"(3719.9906322, 1431.9985398, 344.9990893, 692.9969052999999)","(3726.001804, 1463.998048, 319.001832, 631.001416)","(3720.005446000001, 1464.001139, 313.001252, 661.0026440000001)",63.568,63.217,64.699,51.971,67.72,47.17,1.230960202536279,142.8779221290096,770.7080520217297,716.700079252432,0.1854292888969637,0.1853852723534037,67ee457267583908e8ad2f4c,132.897186048176,650.0,135.0911806422167,772.7827844999999,705.71012,730.031222,right,716.700079252432,27.52824685555703,14.13024433778997,10.62430744263358,28.68718604817597,21.86881395182402,15.797813951824,30.88118064221673,19.67481935778326,13.60381935778324,29.63360583650008,12.71262380483004,9.148807530705968,38.66792212900963,11.88807787099037,5.817077870990346,37.1057692438438,7.681323980066922,3.912087071515752,0.9972937623088522,undistorted_GX010084_130_1748,spatial_match,True,0.0,length_BoundingBox_1
undistorted_GX010084_130_1748.jpg_gamma_obj2_cropped0.357819_0.4446010000000001,1.jpg,557.3096,548.6575,555.3251,552.9835,0.4,OK,,undistorted_GX010084_130_1748.jpg_gamma,undistorted_GX010084_130_1748,0.1822157434402332,101.550583090379,99.97403425655976,101.18897594752188,100.76229956268222,total,0.357819,0.4446010000000001,full body:undistorted_GX010084_130_1748.jpg_gamma,Prawn_1,98.72266666666668,11.76698730441323,6.793673287753886,108.314,82.15,105.704,"(1587.9946934, 1223.9950065, 532.9989846999999, 185.0011687)","(839.9988800000001, 1583.997888, 157.002048, 535.001544)","(1628.001795, 1236.000227, 469.001876, 173.000692)",-19.079,-73.715,-20.179,51.971,67.72,47.17,1.230960202536279,110.9425048884088,599.3538187081152,610.6965089943386,0.1850616184273991,0.1851035255394573,67ee457267583908e8ad2f4e,113.016484322455,650.0,115.1105110804205,562.9186894,556.3198,498.605768,right,610.6965089943386,37.57332236452222,4.341529555232953,6.917887991424171,30.86648432245501,4.702484322455021,7.312484322455006,32.9605110804205,6.796511080420515,9.4065110804205,40.12235067610529,6.274822350222978,8.898916862578995,28.79250488840884,2.628504888408855,5.238504888408841,35.04869736872653,2.426745285382181,4.955824650352721,0.9980073593082976,undistorted_GX010084_130_1748,spatial_match,True,0.0,length_BoundingBox_1
undistorted_GX010084_30_344.jpg_gamma_obj4_cropped0.361298_0.7201640000000001,1.jpg,819.9146,828.2705,810.5307,824.0926,1.6,OK,,undistorted_GX010084_30_344.jpg_gamma,undistorted_GX010084_30_344,,,,,,total,0.361298,0.7201640000000001,full body:undistorted_GX010084_30_344.jpg_gamma,Prawn_3,135.806,8.455808299624591,4.881963198004129,136.485,125.127,145.806,"(1779.9868359, 1783.9827486, 85.00092120000001, 756.994173)","(1808.0020658, 1804.005307, 72.9982034, 753.0026402)","(1776.0101472, 1796.0144472, 84.998916, 749.0074536)",-83.66,-84.531,-83.593,55.731,60.374,51.624,1.230960202536279,138.5676429658418,750.2335041468689,709.13584190687,0.1847101101964524,0.1846993532012604,67ee457467583908e8ad320c,130.9845595028721,650.0,133.6653935057959,760.6445535,755.4417498,752.7088944000001,right,709.13584190687,4.681291410224863,10.16517872867231,4.030069602614153,5.857559502872064,14.82144049712795,5.500440497127926,8.538393505795895,12.14060649420412,2.819606494204095,6.823781842284955,8.32654794329734,2.065872802288966,13.44064296584183,7.238357034158184,2.082642965841842,10.74160090615282,4.964375289191243,1.525913445317685,0.985426756124612,undistorted_GX010084_30_344,spatial_match,False,38.21470679999993,length_BoundingBox_2
undistorted_GX010084_30_344.jpg_gamma_obj2_cropped0.207125_0.521242,1.jpg,694.8093,698.6444,697.5213,696.7269,0.1,OK,,undistorted_GX010084_30_344.jpg_gamma,undistorted_GX010084_30_344,,,,,,total,0.207125,0.521242,full body:undistorted_GX010084_30_344.jpg_gamma,Prawn_2,121.8206666666667,8.821364570682297,5.093017209503252,118.798,112.85,133.814,"(983.9921091000001, 1231.989486, 184.9990545, 636.9941838)","(996.0019528, 1236.0006776, 184.9980108, 657.0019428)","(984.0050640000001, 1228.0110624, 177.0032088, 669.0057408)",-106.136,-105.668,-104.76,55.731,60.374,51.624,1.230960202536279,123.6160152873466,668.6300126572318,679.0005014071457,0.1849976286890417,0.1848795491486821,67ee457467583908e8ad320a,125.6134826389923,650.0,127.9851670833162,662.0731338,681.32059,690.8013936,right,679.0005014071457,11.31013082764046,6.128295515422707,5.737034831387945,12.76348263899226,8.20051736100774,6.81548263899225,15.13516708331618,5.828832916683822,9.187167083316169,13.41175638751987,4.355921590180268,7.733435818209203,10.76601528734662,10.19798471265338,4.818015287346611,9.540111021131253,7.621014776221756,4.055636700404562,0.9957248347714288,undistorted_GX010084_30_344,spatial_match,True,0.0,length_BoundingBox_1
undistorted_GX010085_261_3610.jpg_gamma_obj2_cropped0.652377_0.435178,1.jpg,718.5458,724.4667,728.2225,721.5062,0.9,OK,,undistorted_GX010085_261_3610.jpg_gamma,undistorted_GX010085_261_3610,0.1733643077563191,124.57019520821052,125.5966679380049,126.2477896050761,125.08342290489232,total,0.652377,0.435178,full body:undistorted_GX010085_261_3610.jpg_gamma,Prawn_1,116.825,6.158460251285762,3.555588683873445,113.157,111.818,125.5,"(3484.0036746, 1004.0030448, 5.0001798, 669.002805)","(3479.9855329, 995.9987396, 18.9973025, 702.9943939999999)","(3480.0237199, 1004.0081702, 5.0003758, 729.0049039)",-90.343,-88.531,-90.315,59.034,62.801,58.009,1.230960202536279,128.3649059364165,695.071938722892,594.174895466166,0.1846819052861435,0.1846785904956414,67ee457367583908e8ad2f8c,109.7333517678867,650.0,111.9963433242744,668.0110338,702.2282218,728.01295,right,594.174895466166,1.86432258859336,12.56306632040902,3.025573523611764,2.084648232113324,15.76664823211333,3.423648232113365,0.1783433242744508,13.50365667572555,1.160656675725591,0.1594942891792473,10.75988579739088,1.025704707376115,16.54690593641654,2.864905936416534,15.20790593641649,14.79807002129938,2.282793574833891,13.43965104802751,0.8642874304913383,undistorted_GX010085_261_3610,spatial_match,False,14.55890890000046,length_BoundingBox_2
undistorted_GX010088_262_3712.jpg_gamma_obj3_cropped0.498417_0.390083,1.jpg,536.5743,545.6006,536.5743,541.0875,0.8,OK,,undistorted_GX010088_262_3712.jpg_gamma,undistorted_GX010088_262_3712,0.1953468383114219,104.8180930241644,106.58135219081478,104.8180930241644,105.6997323748315,total,0.498417,0.390083,full body:undistorted_GX010088_262_3712.jpg_gamma,Prawn_1,147.935,2.798254575028268,1.615573032153672,149.196,150.553,144.056,"(3079.9828316, 1163.995902, 144.9972962, 724.9963763999999)","(3083.9855209, 1169.9925144, 139.0006838, 732.9968072999999)","(3091.987709, 1179.995283, 125.001985, 724.996216)",-101.249,-100.676,-99.719,49.477,49.477,50.99,1.230960202536279,135.2064177976229,731.6419889536136,681.1176207151782,0.1847903028632331,0.1847986034686085,67ee457467583908e8ad323f,125.8639314174425,650.0,128.3842240321878,738.1770491999999,744.8910781,734.541544,right,681.1176207151782,12.62846988848609,16.39892169704855,15.63853493562665,18.19206858255752,24.68906858255751,23.33206858255754,15.67177596781218,22.16877596781217,20.8117759678122,10.87894705379309,14.72489818722454,13.94928548205863,8.84958220237715,15.34658220237714,13.98958220237716,6.143154191687364,10.1934748576097,9.376646962637846,0.9959711957543383,undistorted_GX010088_262_3712,spatial_match,False,432.39172759999974,length_BoundingBox_1
undistorted_GX010088_262_3712.jpg_gamma_obj4_cropped0.589329_0.508396,1.jpg,761.9816,768.5024,761.4145,765.242,0.5,OK,,undistorted_GX010088_262_3712.jpg_gamma,undistorted_GX010088_262_3712,0.1953468383114219,148.85069641147857,150.1245140747397,148.73991521947215,149.48760524310913,total,0.589329,0.508396,full body:undistorted_GX010088_262_3712.jpg_gamma,Prawn_2,168.8526666666667,1.991087865687722,1.149555115235004,169.067,171.177,166.314,"(2367.9890108, 1867.9892919, 412.9993620999999, 728.994118)","(2333.9884164, 1853.9922486, 426.9964054, 732.9968072999999)","(2359.990566, 1867.993155, 393.000326, 752.9948250000001)",-119.507,-120.198,-117.532,49.477,49.477,50.99,1.230960202536279,152.8044695099902,822.7563059545457,780.0307821349752,0.1856335919611738,0.1857226354925466,67ee457467583908e8ad3239,144.7999159279992,650.0,147.0284186459129,836.4927959,846.9324428999998,848.0350860000001,right,780.0307821349752,12.93582264391499,15.40924544302142,14.35353089130393,21.51408407200077,26.37708407200077,24.26708407200081,19.2855813540871,24.1485813540871,22.03858135408714,11.59588570660744,14.10737502940646,13.03541279734492,13.50953049000975,18.37253049000975,16.26253049000979,8.122906363871804,10.73306021837616,9.618985662494628,0.9977459260473192,undistorted_GX010088_262_3712,spatial_match,False,493.86430552979715,length_BoundingBox_1
undistorted_GX010088_262_3712.jpg_gamma_obj2_cropped0.0832966_0.156131,1.jpg,734.8911,727.6435,725.6783,731.2673,0.8,OK,,undistorted_GX010088_262_3712.jpg_gamma,undistorted_GX010088_262_3712,0.1953468383114219,143.558652888203,142.14285714285714,141.75896153620752,142.85075501553007,total,0.0832966,0.156131,full body:undistorted_GX010088_262_3712.jpg_gamma,Prawn_0,134.6753333333334,7.421831954144178,4.284996676605307,133.847,144.151,126.028,"(355.9969103999999, 115.9988265, 116.9982619, 652.9974459999999)","(359.9995996999999, 113.9999557, 126.9975636, 702.9939545)","(392.000922, 123.997482, 93.00066100000001, 636.9976740000001)",-100.088,-100.176,-98.231,49.477,49.477,50.99,1.230960202536279,125.62940524535,679.6047750306792,731.3973827137428,0.184732860713629,0.1848565664355121,67ee457467583908e8ad323d,135.1131308271707,650.0,137.8614832197139,662.2348019,713.2159027,642.6167720000001,right,731.3973827137428,7.208819331553828,6.269723534924728,0.9459538332354308,9.08513082717066,9.037869172829346,1.266130827170628,11.83348321971387,6.289516780286135,4.014483219713838,9.38956677858402,4.363144744251608,2.999307582324473,0.3985947546500199,18.52159475465002,8.217594754650051,0.316274760093011,12.84874524259285,6.139543474751058,0.9905256269199304,undistorted_GX010088_262_3712,spatial_match,True,0.0,length_BoundingBox_1
undistorted_GX010088_327_4364.jpg_gamma_obj3_cropped0.307725_0.365175,1.jpg,756.2143,749.0808,743.0814,752.6475,1.3,OK,,undistorted_GX010088_327_4364.jpg_gamma,undistorted_GX010088_327_4364,0.1942577411709856,146.9004817591981,145.51474416255485,144.34931427017366,146.20760324798945,total,0.307725,0.365175,full body:undistorted_GX010088_327_4364.jpg_gamma,Prawn_0,127.0246666666666,10.56928506990368,6.102179580250784,117.121,122.281,141.672,"(1296.0020252, 1084.0020244, 660.9995240000001, 9.0000532)","(1284.003654, 1104.001032, 691.002384, 13.0028544)","(1283.9951432, 1075.9965469, 684.9999518999999, 21.0012748)",0.694,0.996,1.675,56.356,56.436,48.301,1.230960202536279,133.1252973184184,706.4263959549579,651.3851551897606,0.1884505511376902,0.1884489284102381,67ee457367583908e8ad2fad,122.7538914984202,650.0,122.7799357287426,660.0471076,690.1050516,684.2899272000001,right,651.3851551897606,4.809463288752871,13.35345622393963,0.3867252462935922,5.63289149842025,18.91810850157975,0.4728914984202675,5.658935728742591,18.89206427125741,0.4989357287426088,4.831700317400458,13.33507275344275,0.408023919286405,16.00429731841838,8.546702681581621,10.8442973184184,13.66475467116775,6.032739483865281,8.868342030583982,0.959975092919823,undistorted_GX010088_327_4364,spatial_match,True,0.0,length_BoundingBox_1
undistorted_GX010088_327_4364.jpg_gamma_obj2_cropped0.0898486_0.872778,1.jpg,734.2929,738.0312,736.3647,736.162,0.0,OK,,undistorted_GX010088_327_4364.jpg_gamma,undistorted_GX010088_327_4364,0.1942577411709856,142.64208011189243,143.36827382571195,143.0445433000505,143.00516725591515,total,0.0898486,0.872778,full body:undistorted_GX010088_327_4364.jpg_gamma,Prawn_3,134.249,7.055854354127971,4.073699410718578,126.493,132.69,143.564,"(207.9987248, 2352.0007532, 421.0018624, 577.0009060000001)","(252.0036708, 2316.0092808, 415.002126, 625.000482)","(231.9993632, 2331.9916004, 393.0010865, 572.9995931)",-53.902,-56.437,-55.577,56.356,56.436,48.301,1.230960202536279,120.0151477118211,645.7453297093289,680.992857132977,0.1857444345063066,0.1858552314514514,67ee457367583908e8ad2fab,126.4906331509988,650.0,128.3607072779574,712.8639508,748.849284,693.4284764,right,680.992857132977,0.0018711304191922,11.89251264174943,4.672067864195587,0.0023668490011488,17.07336684900115,6.199366849001123,1.867707277957379,15.20329272204262,4.329292722042595,1.476530146298514,10.58990605029298,3.262712127547363,6.477852288178852,23.54885228817885,12.67485228817883,5.121115230233177,16.40303438757547,9.552228719706706,0.995404117316872,undistorted_GX010088_327_4364,spatial_match,True,0.0,length_BoundingBox_1
undistorted_GX010089_11_236.jpg_gamma_obj3_cropped0.651187_0.840038,1.jpg,328.8662,320.601,321.9084,324.7336,0.9,OK,,undistorted_GX010089_11_236.jpg_gamma,undistorted_GX010089_11_236,0.1828420975645432,60.13058582608059,58.61935932129013,58.858407079646014,59.37497257368537,total,0.651187,0.840038,full body:undistorted_GX010089_11_236.jpg_gamma,Prawn_3,52.411,2.924820108428322,1.688645676932322,49.658,51.114,56.461,"(3355.992192, 2391.99468, 185.002178, 217.000578)","(3343.9708305, 2387.97963, 212.9997303, 216.9964728)","(3344.0174375, 2380.014056, 217.0039236, 232.9990643)",-49.574,-45.535,-47.045,57.14,59.211,56.143,1.230960202536279,15.22728223274226,76.55793308860905,314.4041709643527,0.2005334290201004,0.1988988158172717,67ee457567583908e8ad3333,63.04854650170351,700.0,63.82084161470036,283.745812,302.6511053999999,316.9889923,left,314.4041709643527,26.96553727839122,11.66742796213938,23.34887995794402,13.39054650170351,6.587546501703514,11.93454650170351,14.16284161470036,7.359841614700365,12.70684161470036,28.52076526380515,13.0352661389284,24.8598067353374,34.43071776725774,41.23371776725774,35.88671776725774,69.33569166550755,73.03044183995631,70.20917511299788,,undistorted_GX010089_11_236,spatial_match,True,0.0,length_BoundingBox_1
undistorted_GX010089_11_236.jpg_gamma_obj2_cropped0.49302100000000004_0.456011,1.jpg,429.6941,428.5464,424.9729,429.1202,1.0,OK,,undistorted_GX010089_11_236.jpg_gamma,undistorted_GX010089_11_236,0.1828420975645432,78.5661705551086,78.35632267973378,77.70293644408689,78.46123747531631,total,0.493021,0.456011,full body:undistorted_GX010089_11_236.jpg_gamma,Prawn_1,64.972,5.338835828155796,3.082378302544968,64.54,58.66,71.716,"(2471.99068, 1211.99654, 240.999378, 280.997378)","(2483.9784243, 1207.9872954, 216.9964728, 272.9982366)","(2468.0125942, 1204.0090922, 265.0005743, 305.0024618)",-49.399,-51.546,-49.028,57.14,59.211,56.143,1.230960202536279,77.94853248728911,388.7549997228846,413.1844930837009,0.2006846957187773,0.200508115761477,67ee457567583908e8ad3331,82.91980427021974,700.0,83.8722400210618,368.78156,347.331726,402.6351387999999,left,413.1844930837009,41.35663871500127,15.62246119446114,28.47815969975168,24.25980427021975,11.20380427021975,18.37980427021974,25.2122400210618,12.15624002106181,19.33224002106179,42.98029325104297,16.95052710840232,29.95388909368111,19.28853248728912,6.23253248728912,13.40853248728911,32.88191695753345,8.690574609974233,20.77553840608786,0.9978942637605386,undistorted_GX010089_11_236,spatial_match,True,0.0,length_BoundingBox_1
undistorted_GX010091_5_149.jpg_gamma_obj4_cropped0.465435_0.828935,1.jpg,244.8612,244.2335,237.3563,244.5473,2.9,OK,,undistorted_GX010091_5_149.jpg_gamma,undistorted_GX010091_5_149,0.1922892029612537,47.084164984136144,46.96346505143736,45.64105374483224,47.023805403326605,total,0.465435,0.828935,full body:undistorted_GX010091_5_149.jpg_gamma,Prawn_2,36.82166666666667,1.944887543164269,1.12288134658944,36.901,34.401,39.163,"(2328.0083526, 2464.0057128, 180.9998748, 108.9992646)","(2303.997556, 2459.9988686, 197.0026912, 105.002744)","(2309.98312, 2453.98488, 180.99648, 109.00096)",30.964,27.951,30.964,56.886,64.498,53.6,1.230960202536279,50.69749893177121,250.8728952381469,272.15770199411,0.2017237692590102,0.2020844016793661,67ee457567583908e8ad335c,54.9006774791223,700.0,55.24523908162866,209.9150286000001,221.8795698,209.91368,left,272.15770199411,59.59035341740733,40.18506620821261,48.77829185963065,20.4996774791223,15.7376774791223,17.9996774791223,20.84423908162866,16.08223908162866,18.34423908162866,60.59195686645347,41.06488032486956,49.7120378353667,16.29649893177121,11.53449893177122,13.79649893177122,47.37216630845385,29.45254176587907,37.3878727724756,0.6281063680991064,undistorted_GX010091_5_149,spatial_match,True,0.0,length_BoundingBox_1
undistorted_GX010091_5_149.jpg_gamma_obj2_cropped0.107193_0.133569,1.jpg,378.4706,378.431,383.471,378.4508,1.3,OK,,undistorted_GX010091_5_149.jpg_gamma,undistorted_GX010091_5_149,0.1922892029612537,72.77581001826748,72.76819536583021,73.73733294875493,72.77200269204884,total,0.107193,0.133569,full body:undistorted_GX010091_5_149.jpg_gamma,Prawn_0,72.343,6.04513512393782,3.490160391093162,79.879,72.071,65.079,"(59.9976642, 88.00264200000001, 129.0003822, 437.0039406)","(79.99686940000001, 84.0021952, 124.997124, 448.9963772000001)","(377.9979200000001, 312.00024, 312.9972, 156.99976)",-106.361,-105.471,26.565,56.886,64.498,53.6,1.230960202536279,78.70324874175198,389.5621507556656,310.1337440573419,0.2024320225187077,0.2020300190587942,67ee457567583908e8ad335a,62.78100106082697,700.0,62.95398848605535,454.3996794000001,464.8435358,348.82344,left,310.1337440573419,3.531091349241733,21.40487354520342,12.89006526782342,2.297998939173027,17.09799893917304,9.289998939173016,2.125011513944642,16.92501151394465,9.117011513944632,3.265279912021762,21.18831171389809,12.65004164496765,13.62424874175198,1.175751258248027,6.632248741751994,20.93493867722612,1.471915344768997,9.20238201461336,0.9706622898198398,undistorted_GX010091_5_149,spatial_match,True,0.0,length_BoundingBox_3
undistorted_GX010094_24_430.jpg_gamma_obj3_cropped0.105963_0.670068,1.jpg,538.6771,547.9352,553.9251,543.3061,2.0,OK,,undistorted_GX010094_24_430.jpg_gamma,undistorted_GX010094_24_430,0.1764508672560125,95.0500414659538,96.68364124009668,97.74056428987348,95.86683253048189,total,0.105963,0.670068,full body:undistorted_GX010094_24_430.jpg_gamma,Prawn_0,116.2806666666667,3.001202129517806,1.732744857369584,112.042,118.59,118.21,"(1062.0048321, 1494.0069975, 631.0046637, 199.0024983)","(1049.9972978, 1511.9967819, 642.9986871, 174.99768)","(1068.0037815, 1500.002051, 619.001715, 192.998023)",-162.553,-164.836,-162.741,58.941,56.089,54.745,1.230960202536279,132.4281735237811,703.8825422927395,651.9775447070489,0.1879941304911072,0.1881395908647288,67ee457467583908e8ad31e4,122.5679516169286,650.0,122.8915955451808,660.3867522,665.159451,647.140645,right,651.9775447070489,9.39464809350832,3.354373570223959,3.686618405319869,10.52595161692859,3.977951616928593,4.357951616928617,10.84959554518076,4.30159554518076,4.681595545180784,9.683507564289071,3.627283535863699,3.960405672261893,20.38617352378114,13.83817352378114,14.21817352378116,18.19511747717922,11.66892109265633,12.0278940223172,0.9957445817399424,undistorted_GX010094_24_430,spatial_match,False,580.1887728565345,length_BoundingBox_2
undistorted_GX010097_105_1651.jpg_gamma_obj3_cropped0.839268_0.685718,1.jpg,671.193,679.3997,674.3827,675.2964,0.1,OK,,undistorted_GX010097_105_1651.jpg_gamma,undistorted_GX010097_105_1651,0.1779517750689563,119.43998576385798,120.9003825963164,120.00759854079544,120.17019307767592,total,0.839268,0.685718,full body:undistorted_GX010097_105_1651.jpg_gamma,Prawn_3,99.61066666666666,2.357558812745838,1.361137215169184,97.476,98.46,102.896,"(4500.0168168, 1796.0058351, 65.0016618, 553.0044027)","(4488.0045084, 1758.0031884, 73.00031039999999, 612.998577)","(4468.0097286, 1800.0041886, 69.00151319999999, 581.0020488)",83.387,83.29,83.313,57.009,62.586,56.754,1.230960202536279,114.6579087870203,620.6476210990984,671.9189211331903,0.1847158774506812,0.1847391416468717,67ee457467583908e8ad327b,124.1140930928323,650.0,126.650356236052,555.7009284,616.2217559999999,583.9759584,right,671.9189211331903,27.32784797573997,20.62091149591071,26.05534541217987,26.63809309283229,21.21809309283229,25.6540930928323,29.17435623605196,23.75435623605196,28.19035623605197,29.92978398380315,23.08579170818298,28.63127791595772,17.18190878702032,11.76190878702032,16.19790878702032,17.62680945773351,11.4308707695346,16.45125816272631,0.9804518017813302,undistorted_GX010097_105_1651,spatial_match,False,9.81811259999995,length_BoundingBox_3
undistorted_GX010097_105_1651.jpg_gamma_obj2_cropped0.696019_0.307528,1.jpg,725.069,719.5554,728.6206,722.3122,0.9,OK,,undistorted_GX010097_105_1651.jpg_gamma,undistorted_GX010097_105_1651,0.1779517750689563,129.02731559747306,128.0461606904529,129.65932912180796,128.53673814396296,total,0.696019,0.307528,full body:undistorted_GX010097_105_1651.jpg_gamma,Prawn_2,100.8036666666667,6.393383576444912,3.691221728893002,104.609,91.798,106.004,"(3368.011907399999, 904.0031148, 593.0019171, 73.0000245)","(3378.0042468, 912.0031919999999, 571.0033709999999, 73.00031039999999)","(3364.008219, 896.003775, 601.0021584, 45.0002466)",6.934,7.199,4.194,57.009,62.586,56.754,1.230960202536279,115.7533907130172,614.2945893751389,659.5905377025017,0.1883932859721696,0.1884330298770198,67ee457467583908e8ad327d,124.2624287939245,650.0,124.3265726600841,596.3654481,574.5269628,601.6151016,right,659.5905377025017,35.36507199930774,17.22428285151931,18.78751234972568,32.46442879392453,18.25842879392452,19.65342879392453,32.52857266008409,18.32257266008409,19.7175726600841,35.43494701418777,17.28479364937558,18.84883008162214,23.95539071301718,9.749390713017178,11.14439071301719,26.09576539033223,9.197191344682444,10.65337658616103,0.9863235928477276,undistorted_GX010097_105_1651,spatial_match,True,0.0,length_BoundingBox_1
undistorted_GX010097_32_528.jpg_gamma_obj2_cropped0.8317550000000001_0.863504,1.jpg,640.3351,650.0354,639.7406,645.1852,0.8,OK,,undistorted_GX010097_32_528.jpg_gamma,undistorted_GX010097_32_528,0.1824850818445592,116.85160313144402,118.6217631708608,116.74311575028742,117.73667402689831,total,0.8317550000000001,0.863504,full body:undistorted_GX010097_32_528.jpg_gamma,Prawn_1,99.14533333333333,2.883137681223168,1.66458031636495,101.006,101.357,95.073,"(4416.024121599999, 2364.0131541, 97.00213769999998, 553.0014931999999)","(4403.9885552, 2327.9923722, 115.0008873, 588.9976589)","(4379.9884178, 2359.9929804, 133.001458, 564.997261)",99.866,100.972,103.173,55.471,59.093,60.926,1.230960202536279,104.1425823465392,563.759700581728,580.4651189278843,0.1847917117540885,0.1847286747156233,67ee457267583908e8ad2edf,107.2651429402243,650.0,109.4121802238193,560.2903825999999,598.9489201,579.2417598,right,580.4651189278843,12.82398045735838,5.829042829034328,6.196803101027981,12.19214294022433,5.908142940224323,6.259142940224322,14.33918022381927,8.055180223819264,8.406180223819263,15.08228437497425,7.947334889370506,8.32245631330739,9.06958234653925,2.785582346539243,3.136582346539242,9.539598357619148,2.748288077329877,3.105342599983409,0.9920493622075592,undistorted_GX010097_32_528,spatial_match,True,0.0,length_BoundingBox_1
undistorted_GX010097_60_1080.jpg_gamma_obj3_cropped0.284325_0.637667,1.jpg,688.1424,690.0725,688.1046,689.1074,0.1,OK,,undistorted_GX010097_60_1080.jpg_gamma,undistorted_GX010097_60_1080,0.1960054097493091,134.87963307787297,135.2579431192301,134.87222407338444,135.06877829828105,total,0.284325,0.637667,full body:undistorted_GX010097_60_1080.jpg_gamma,Prawn_0,113.193,2.129874331191082,1.229683518453246,112.507,116.076,110.996,"(1483.9942536, 1603.993614, 25.0025709, 608.9962131999999)","(1493.9872827, 1577.9850834, 1.0007184, 660.9972468)","(1495.9869385, 1627.9872361, 9.0005183, 608.9948989)",87.739,90.0,89.246,54.083,56.859,54.781,1.230960202536279,125.2013499631308,677.9335104481119,640.6226057732563,0.18469810358048,0.1846808691908047,67ee457267583908e8ad2e51,118.3217803971059,650.0,120.7512970422333,608.4716081,659.9965284,608.0471875999999,right,640.6226057732563,6.600039998834103,1.934749988891678,5.168372098719068,7.325780397105902,2.245780397105904,5.814780397105864,9.755297042233297,4.675297042233296,8.244297042233256,8.78887261003396,4.027789588057218,7.327808085037601,14.2053499631308,9.125349963130802,12.69434996313076,12.79807377124473,7.861530344886799,11.28316457032074,0.9393438577348526,undistorted_GX010097_60_1080,spatial_match,False,1.3375754999999572,length_BoundingBox_1
undistorted_GX010097_60_1080.jpg_gamma_obj2_cropped0.496912_0.391393,1.jpg,770.1461,778.257,778.4016,774.2016,0.5,OK,,undistorted_GX010097_60_1080.jpg_gamma,undistorted_GX010097_60_1080,0.1960054097493091,150.9528018973324,152.54258217526805,152.57092455751783,151.7477018365707,total,0.496912,0.391393,full body:undistorted_GX010097_60_1080.jpg_gamma,Prawn_1,137.114,2.476570208978539,1.429848476820767,136.954,134.164,140.224,"(2275.9911139, 1163.9959592, 740.9965913, 33.0014466)","(2279.9833551, 1145.993145, 762.990921, 36.9981513)","(2283.984233, 1155.9941401, 768.9937656, 16.9985443)",2.476,2.705,1.193,54.083,56.859,54.781,1.230960202536279,153.4429163968209,814.1907971102211,735.8954171624524,0.1884553532085594,0.1884606371644465,67ee457267583908e8ad2e55,138.6834307659101,650.0,138.7093201348142,740.6883182,762.8430876,768.1610943999999,right,735.8954171624524,3.36858677880067,1.098648757766055,1.262782223162602,4.51943076591013,1.540569234089872,1.729430765910109,4.545320134814204,1.514679865185798,1.755320134814184,3.387883586367583,1.080185891991241,1.28168591995428,19.27891639682088,13.21891639682087,16.48891639682085,14.3696642890946,9.426999940681249,12.039747942244,0.9569336455757192,undistorted_GX010097_60_1080,spatial_match,True,0.0,length_BoundingBox_1
undistorted_GX010102_9_165.jpg_gamma_obj2_cropped0.4502630000000001_0.499096,1.jpg,412.8256,415.0614,423.1359,413.9435,2.2,OK,,undistorted_GX010102_9_165.jpg_gamma,undistorted_GX010102_9_165,0.1898109482954977,78.35881861665781,78.78319793485689,80.31582643686887,78.57100827575734,total,0.4502630000000001,0.499096,full body:undistorted_GX010102_9_165.jpg_gamma,Prawn_4,67.901,4.232683860940559,2.443741166508616,61.996,70.004,71.703,"(2291.9950205, 1407.9974475, 237.001542, 245.0012475)","(2263.9868238, 1371.9918888, 261.0009906, 284.9983632)","(2284.008457, 1380.004136, 241.001846, 276.999603)",134.045,132.474,131.009,54.755,55.002,51.01,1.230960202536279,83.96720852884815,385.3505741535752,363.0932096500172,0.2177172863653529,0.2178982312749439,67ee457567583908e8ad32fa,79.05166830268793,760.0,80.0217247053201,339.459098,385.0360008000001,365.757003,left,363.0932096500172,27.51091732158192,10.24875988827235,12.92450188944623,17.05566830268793,7.348668302687926,9.04766830268794,18.02572470532009,8.318724705320093,10.01772470532011,29.07562537150799,11.60164108240951,14.31021756659635,21.97120852884814,12.26420852884814,13.96320852884816,35.4397195445644,17.10417768970356,19.94630096687069,0.997049686362982,undistorted_GX010102_9_165,spatial_match,True,0.0,length_BoundingBox_1
undistorted_GX010152_36_378.jpg_gamma_obj2_cropped0.73965_0.810014,1.jpg,962.2328,985.9513,999.732,974.0921,2.6,OK,,undistorted_GX010152_36_378.jpg_gamma,undistorted_GX010152_36_378,0.1442044241917341,138.7582268624001,142.17853949759177,144.16577740605078,140.46839039021714,total,0.73965,0.810014,full body:undistorted_GX010152_36_378.jpg_gamma,Prawn_1,127.1096666666667,9.539441714388852,5.507599241721149,115.866,126.275,139.188,"(3839.9734954, 1979.9859726, 198.9989052, 870.9917641999999)","(3821.9918042, 1967.9987176, 198.9979218, 948.9962172)","(3827.9916612, 1963.9943946, 185.0013711, 913.0018527000001)",-77.179,-78.203,-78.593,77.006,76.694,66.843,1.230960202536279,115.117117444246,975.3990845285532,929.6036197121184,0.1179741426332425,0.1180205305399547,67ee457567583908e8ad33d4,109.6691900242959,415.0,111.8721773968848,892.2377196,968.453485,930.3743484,car,929.6036197121184,5.348255722734932,21.20786991386042,13.15051275050809,6.196809975704056,29.51880997570404,16.60580997570409,3.99382260311522,27.31582260311521,14.40282260311525,3.44693232105641,19.62512759944478,11.40591772173055,0.748882555753994,24.07088255575398,11.15788255575403,0.646335038539342,17.29379153070235,8.836177038807385,0.9889854870726984,undistorted_GX010152_36_378,spatial_match,True,0.0,length_BoundingBox_1
undistorted_GX010157_160_2259_obj2_cropped0.549919_0.901779,1.jpg,374.7666,373.2894,379.7591,374.028,1.5,OK,,,undistorted_GX010157_160_2259,0.1340015544180312,50.21930694396055,50.02135984777424,50.88830970439257,50.12033339586739,total,0.549919,0.901779,full body:undistorted_GX010157_160_2259,Prawn_0,108.5776666666667,2.786446522404875,1.608755649792951,109.15,104.915,111.668,"(1830.00732, 264.0010559999999, 606.9986544, 558.9984623999999)","(1830.0144375, 258.0041772, 583.0070562, 559.0064889)","(1824.0073485, 283.9986345, 617.0002311, 549.0000381)",-42.639,-43.794,-41.657,75.472,76.851,73.833,1.230960202536279,93.41059855393054,783.5259022883994,810.821911107895,0.1192131490299008,0.1192182648730712,67ee457667583908e8ad34b2,96.66063332561448,415.0,97.57751664611028,823.77688,806.2822665000001,824.4783444000001,car,810.821911107895,7.86767066137877,13.43927237380945,11.4423881579345,8.254366674385537,15.00736667438554,12.48936667438551,7.337483353889738,14.09048335388974,11.57248335388971,6.99374098450149,12.6181926370041,10.60236679238636,11.50440144606947,18.25740144606947,15.73940144606944,10.96544959831241,16.34971652225299,14.4199738397338,0.9992157677460544,undistorted_GX010157_160_2259,frame_match,False,1922.4466581288032,length_BoundingBox_3
undistorted_GX010177_232_3047_obj3_cropped0.45725_0.40173,1.jpg,1327.7293,1359.1707,1317.6767,1343.45,1.9,OK,,,undistorted_GX010177_232_3047,0.1191511670856815,158.20049566885504,161.9467751736628,157.00271664660954,160.07363542125893,total,0.45725,0.40173,full body:undistorted_GX010177_232_3047,Prawn_0,146.2603333333334,14.9535142432213,8.63341547365472,125.159,158.02,155.602,"(1721.990611, 1115.999951, 1284.996867, 193.000038)","(1715.993334, 1111.996955, 1292.9937025, 212.9953485)","(1687.9996231, 1132.0024198, 1324.9970979, 204.9960423)",171.495,170.682,171.241,103.73,82.855,86.093,1.230960202536279,147.6393535093827,1323.456519216285,1070.925336157095,0.1115841242691462,0.111555877632316,67ee457667583908e8ad3486,119.4982657927304,385.0,119.5628093219238,1298.274307,1309.27471,1339.6242986,car,1070.925336157095,4.52283432055995,24.37775864274752,23.2026157808188,5.660734207269627,38.52173420726963,36.10373420726968,5.59619067807624,38.45719067807624,36.0391906780763,4.471265093262362,24.336913478089,23.16113589675986,22.48035350938268,10.38064649061732,7.962646490617374,17.96143586109083,6.569197880405849,5.117316288105147,0.9836871799843054,undistorted_GX010177_232_3047,spatial_match,True,0.0,length_BoundingBox_1
undistorted_GX010183_128_2852.jpg_gamma_obj2_cropped0.0351618_0.120096,1.jpg,646.6916,649.0146,650.1269,647.8531,0.4,OK,,undistorted_GX010183_128_2852.jpg_gamma,undistorted_GX010183_128_2852,0.14541435821373,94.0382439762102,94.37604153034069,94.53778592098182,94.20714275327543,total,0.0351618,0.120096,full body:undistorted_GX010183_128_2852.jpg_gamma,Prawn_0,134.5583333333333,4.159168373071183,2.401296979797626,131.992,131.258,140.425,"(3427.9859625, 1131.9936125, 976.9939775000001, 368.999335)","(3420.0181666, 1136.0096316, 917.0075908000001, 349.002775)","(3426.0220572, 1140.0092244, 901.0035977999999, 325.0046016)",-20.659,-20.802,-19.799,79.025,74.653,68.118,1.230960202536279,131.7977562232936,1001.864798426495,967.2019771740352,0.1315652457442393,0.1315524374449448,67ee457667583908e8ad3431,127.250165811216,455.0,127.6158920012263,1043.06678,979.8803474000002,956.547015,car,967.2019771740352,3.053401841246979,9.382114430325055,3.592516356130651,4.00783418878396,13.17483418878396,4.741834188783969,3.642107998773668,12.80910799877367,4.376107998773676,2.774770298780773,9.121672066066347,3.31543426781447,0.5397562232936366,8.627243776706365,0.1942437767063723,0.4112177720928527,6.143666566997589,0.147163295280299,0.9994235283699432,undistorted_GX010183_128_2852,frame_match,False,3325.329214738509,length_BoundingBox_2
